project_id,developer_id,project_name_en,city,district,project_category,land_area_acres,launch_year,first_delivery_year,delivery_status,unit_types,finishing_levels,facilities,avg_price_per_m2_egp,price_type,price_date,starting_price_egp,payment_plan,notes,source_ids
DEV001-P01,DEV001,Mountain View 1.1,New Cairo,,residential,,,,delivered,,,,,,,,,site describes it as ready-to-move-in,S1-002
DEV001-P02,DEV001,Creekview New Cairo,New Cairo,,residential,,,,unknown,,,,,,,,,city as labelled on developer site (October = 6th of October area),S1-002
DEV001-P03,DEV001,EVIA - MV Ras El Hekma,North Coast,,coastal/resort,,,,unknown,,,,,,,,,city as labelled on developer site (October = 6th of October area),S1-002
DEV001-P04,DEV001,Crysta,North Coast,,coastal/resort,,,,unknown,,,,,,,,,city as labelled on developer site (October = 6th of October area),S1-002
DEV001-P05,DEV001,Grand Valleys,New Cairo,,residential,,,,unknown,standalone villa,fully finished,,,,,,,site: fully-finished villas,S1-002
DEV001-P06,DEV001,Heartwork,New Cairo,,commercial,,,,unknown,,,,,,,,,city as labelled on developer site (October = 6th of October area),S1-002
DEV001-P07,DEV001,MV Ras El Hikma,North Coast,,coastal/resort,,,,unknown,,,,,,,,,city as labelled on developer site (October = 6th of October area),S1-002
DEV001-P08,DEV001,MV Sokhna 2,Ain Sokhna,,coastal/resort,,,,unknown,,,,,,,,,city as labelled on developer site (October = 6th of October area),S1-002
DEV001-P09,DEV001,Mountain View Sokhna 1,Ain Sokhna,,coastal/resort,,,,unknown,,,,,,,,,city as labelled on developer site (October = 6th of October area),S1-002
DEV001-P10,DEV001,Mountain View 4,6th of October,,residential,,,,unknown,,,,,,,,,city as labelled on developer site (October = 6th of October area),S1-002
DEV001-P11,DEV001,Mountain View 2,New Cairo,,residential,,,,unknown,,,,,,,,,city as labelled on developer site (October = 6th of October area),S1-002
DEV001-P12,DEV001,Giza Plateau Living,6th of October,,residential,,,,unknown,,,,,,,,,city as labelled on developer site (October = 6th of October area),S1-002
DEV001-P13,DEV001,Mountain View October Park,6th of October,,residential,,,,unknown,,,,,,,,,city as labelled on developer site (October = 6th of October area),S1-002
DEV001-P14,DEV001,Mountain View Chillout Park,6th of October,,residential,,,,unknown,,,,,,,,,city as labelled on developer site (October = 6th of October area),S1-002
DEV001-P15,DEV001,Mountain View Executive Residence Katameya,New Cairo,,residential,,,,unknown,,,,,,,,,city as labelled on developer site (October = 6th of October area),S1-002
DEV001-P16,DEV001,Mountain View Hyde Park,New Cairo,,residential,,,,unknown,,,,,,,,,city as labelled on developer site (October = 6th of October area),S1-002
DEV001-P17,DEV001,Mountain View iCity October,6th of October,,residential,,2017.0,,unknown,,,,,,,,,city as labelled on developer site (October = 6th of October area),S1-002|S1-003
DEV001-P18,DEV001,Mountain View iCity New Cairo,New Cairo,,residential,,2016.0,,unknown,,,,,,,,,city as labelled on developer site (October = 6th of October area),S1-002|S1-003
DEV001-P19,DEV001,Aliva,New Cairo,,residential,,,,unknown,,,,,,,,,city as labelled on developer site (October = 6th of October area),S1-002
DEV001-P20,DEV001,Mountain View 1,New Cairo,,residential,,2006.0,,unknown,,,,,,,,,city as labelled on developer site (October = 6th of October area),S1-002|S1-003
DEV001-P21,DEV001,LVLS,North Coast,,coastal/resort,,,,unknown,,,,,,,,,city as labelled on developer site (October = 6th of October area),S1-002
DEV001-P22,DEV001,Plage,North Coast,,coastal/resort,,,,unknown,,,,,,,,,city as labelled on developer site (October = 6th of October area),S1-002
DEV001-P23,DEV001,Kingsway,6th of October,,residential,,,,unknown,,,,,,,,,city as labelled on developer site (October = 6th of October area),S1-002
DEV001-P24,DEV001,Jirian Mountain View,6th of October,,residential,,,,unknown,,,,,,,,,city as labelled on developer site (October = 6th of October area),S1-002
DEV007-P01,DEV007,O West,6th of October,,mixed-use,1045.0,,2023.0,partially delivered,apartment|standalone villa,fully finished,commercial area|schools|sports courts|clubhouse,,,,,,land 4.23 mn sqm converted at 247.105 acres per mn sqm; Q1 2025 average selling price up 75.3% (EGP figure not in fetched article),S1-009|S1-013
DEV007-P02,DEV007,El Gouna,Hurghada (Red Sea),,coastal/resort,9123.0,,,partially delivered,,,,279416.0,ir_average,2025-05-14,,,land 36.92 mn sqm converted; price is Q1 2025 average selling price from ODE results as reported by Daily News Egypt,S1-009|S1-010
DEV007-P03,DEV007,Makadi Heights,Hurghada (Red Sea),,coastal/resort,927.0,,,partially delivered,,,,,,,,,land 3.75 mn sqm converted; 700 deliveries targeted by end-2025,S1-009|S1-010
DEV007-P04,DEV007,Taba Heights,Taba (South Sinai),,coastal/resort,1055.0,,,partially delivered,,,,,,,,,land 4.27 mn sqm converted; completed area 2.56 mn sqm per ODH,S1-009
DEV007-P05,DEV007,Byoum,Fayoum,,coastal/resort,267.0,,,partially delivered,,,,,,,,,lakeside resort; category coastal/resort as nearest fit; land 1.08 mn sqm converted,S1-009
DEV007-P06,DEV007,Nuba (El Gouna),Hurghada (Red Sea),El Gouna,coastal/resort,7.4,2026.0,,launched,,,,,,,,,"97 units; 30,000 sqm converted at 4,046.86 sqm per acre; EGP 3bn sales target; sub-project inside El Gouna",S1-014
DEV013-P01,DEV013,SwanLake Katameya,New Cairo,,residential,,,,unknown,,,,,,,,,listed under 'In the City' on developer site,S1-015
DEV013-P02,DEV013,Seasons Residence,New Cairo,,residential,,,,unknown,,,,,,,,,listed under 'In the City' on developer site,S1-015
DEV013-P03,DEV013,Parkview Katameya,New Cairo,,residential,,,,unknown,,,,,,,,,listed under 'In the City' on developer site,S1-015
DEV013-P04,DEV013,SwanLake October,6th of October,,residential,,,,unknown,,,,,,,,,listed under 'In the City' on developer site,S1-015
DEV013-P05,DEV013,SwanLake Residences New Cairo,New Cairo,,residential,,,,unknown,,,,,,,,,listed under 'In the City' on developer site,S1-015
DEV013-P06,DEV013,SwanLake West,,,residential,,,,unknown,,,,,,,,,listed under 'In the City' on developer site; city not stated on fetched page,S1-015
DEV013-P07,DEV013,Haptown Mostakbal City,Mostakbal City,,residential,145.3,,,unknown,,,,,,,,,"listed under 'In the City' on developer site; 140 feddans converted at 1.038 acres per feddan; 5,000 homes; 93% sold by March 2024",S1-015|S1-017
DEV013-P08,DEV013,The Valleys Mostakbal City,Mostakbal City,,residential,114.2,2023.0,,launched,,,,,,,,,listed under 'In the City' on developer site; 110 feddans converted at 1.038 acres per feddan,S1-015|S1-017
DEV013-P09,DEV013,Park Central Mostakbal City,Mostakbal City,,residential,,,,unknown,,,,,,,,,listed under 'In the City' on developer site,S1-015
DEV013-P10,DEV013,KEYS 52,,,,,,,unknown,,,,,,,,,listed under 'In the City' on developer site; location and category not stated on fetched page,S1-015
DEV013-P11,DEV013,SwanLake El Gouna,Hurghada (Red Sea),,coastal/resort,,,,unknown,,,,,,,,,listed under 'By the Sea' on developer site,S1-015
DEV013-P12,DEV013,SwanLake North Coast,North Coast,,coastal/resort,,,,unknown,,,,,,,,,listed under 'By the Sea' on developer site,S1-015
DEV013-P13,DEV013,Little Venice Ain Sokhna,Ain Sokhna,,coastal/resort,,,,unknown,,,,,,,,,listed under 'By the Sea' on developer site,S1-015
DEV013-P14,DEV013,Encore SwanLake El Gouna,Hurghada (Red Sea),,coastal/resort,,,,unknown,,,,,,,,,listed under 'By the Sea' on developer site,S1-015
DEV019-P01,DEV019,Lake View,New Cairo,Fifth Settlement (near 90th Street),residential,300.0,,,unknown,apartment|penthouse|townhouse|twin house|standalone villa,,swimming pools|gym|sports courts|clubhouse|kids area|lagoon|landscape,,press_reported,2026-09-22,11700000.0,3 to 7 years,"land and price from government platform blog (S1-019), which lists no date so price_date is access date; S1-020 (2024-08-19) instead says around 1 million sqm (about 247 acres); price_type press_reported used for government blog",S1-019|S1-020
DEV019-P02,DEV019,Lake View Residence,New Cairo,Fifth Settlement (Golden Square),residential,77.0,,,unknown,apartment|penthouse|townhouse|standalone villa,,lagoon|swimming pools|sports courts|gym|commercial area|security gates|landscape,,press_reported,2024-08-15,35000000.0,"10% to 20% down payment, installments up to 8 years",starting price is for villas; 600 villas across five phases plus 118 residential buildings of max 4 floors; source is government platform blog,S1-021
DEV025-P01,DEV025,CityGate New Cairo,New Cairo,between New Cairo and New Administrative Capital,mixed-use,2100.0,,,under construction,apartment|standalone villa,,golf course|schools|sports courts|hospital|commercial area|landscape,,,,,,"site status 'Ongoing'; 8,500,000 sqm converted; facilities per site: community centers, schools, hotels, sport club, business parks, medical complex",S1-023
DEV025-P02,DEV025,The St. Regis Cairo and Residences,Cairo,,mixed-use,2.31,,,delivered,apartment,,,,,,,,"150 residences; 9,360 sqm converted; district not stated on fetched page",S1-025
DEV025-P03,DEV025,Alam Al Roum,North Coast,near Marsa Matrouh,coastal/resort,5086.0,2025.0,,launched,,,commercial area,,,,,,"4,900 feddans converted at 1.038 acres per feddan (source also gives 20.5 mn sqm); 7.2 km beachfront; USD 29.7bn total investment; marina, hotels; launch_year = agreement signing Nov 2025",S1-022
DEV031-P01,DEV031,Masyaf Ras AlHekma,North Coast,Ras El Hekma,coastal/resort,,,,partially delivered,chalet|standalone villa,,lagoon|commercial area|spa,,,,,,"includes seaview staggered chalets, lagoon water villas, lagoon chalets, Marmarica boutique hotel and 17 commercial outlets; project value USD 309mn",S1-026|S1-028
DEV031-P02,DEV031,31WEST,6th of October,,residential,32.2,2025.0,,under construction,,,lagoon|landscape,,,,,,"31 feddans converted at 1.038 acres per feddan; 7,000 sqm central lake; 22% built area; excavation underway Feb 2025, three-year delivery",S1-027
DEV031-P03,DEV031,41 Business District,New Cairo,off Kattameya Ring Road,commercial,6.3,2023.0,,unknown,,,,,,,,"10% down payment over 7 years, first-year installment free (April 2023 offer)","25,500 sqm is the built area of the mixed-use office and retail building, converted at 4,046.86 sqm per acre",S1-029
DEV037-P01,DEV037,Azzar New Cairo,New Cairo,,residential,25.9,,2020.0,partially delivered,townhouse|twin house|standalone villa,,commercial area,,,,,,"25 feddans converted at 1.038 acres per feddan; 152 units in two phases; EGP 1.5bn investment; construction started 2018; 11,000 sqm commercial area",S1-030
DEV037-P02,DEV037,Ten Islands,North Coast,Ras El Hekma,coastal/resort,,2025.0,,launched,standalone villa,,lagoon,,,,,,developed by Al Ahly Sabbour in collaboration with Reedy Group; 10 km chain of crystal lagoons; every unit has a private beach,S1-031
DEV043-P01,DEV043,Dejoya 1,,,residential,,,,unknown,,,,,,,,,,S1-033
DEV043-P02,DEV043,Dejoya 2,,,residential,,,,unknown,,,,,,,,,,S1-033
DEV043-P03,DEV043,Dejoya 3,,,residential,,,,unknown,,,,,,,,,,S1-033
DEV043-P04,DEV043,Dejoya 4,,,residential,,,,unknown,,,,,,,,,,S1-033
DEV043-P05,DEV043,Dejoya Residence,,,mixed-use,,,,unknown,,,,,,,,,site: residential and plaza mall,S1-033
DEV043-P06,DEV043,Dejoya Villas,,,residential,,,,unknown,standalone villa,,,,,,,,,S1-033
DEV043-P07,DEV043,Taj Tower 1,New Administrative Capital,,administrative,,,,under construction,,,,,,,,,"170m, 43 floors, under construction per Wikipedia",S1-033|S1-034
DEV043-P08,DEV043,Taj Tower 2,New Administrative Capital,,administrative,,,,launched,,,,,,,,,"230m, 58 floors, status 'approved' per Wikipedia",S1-033|S1-034
DEV043-P09,DEV043,Ezdan Mall,,,commercial,,,,unknown,,,,,,,,,marked sold out on site,S1-033
DEV043-P10,DEV043,Strip Malls,,,commercial,,,,unknown,,,,,,,,,"retail, offices and medical clinics; multiple strip malls grouped as one row",S1-033
DEV055-P01,DEV055,Marsa Baghush,North Coast,Sidi Heneish (km 230 Alexandria-Marsa Matrouh Road),coastal/resort,,,,under construction,chalet|standalone villa|twin house|townhouse,,lagoon|commercial area|spa|clubhouse|kids area|gym|landscape,,,,,installments up to 7 years,"600 m shoreline; six crystal lagoons; 30-acre commercial area; delivery stated as March 2026 in 2024 blog, actual status not confirmed",S1-036
DEV061-P01,DEV061,AlHambra First Avenue Southside,Hurghada (Red Sea),Al Mamsha,residential,,,2024.0,delivered,studio|apartment,,,,advertised_starting,2026-09-22,1150000.0,,completion date 31-05-2024; units 42 to 180 sqm; sea view,S1-037
DEV061-P02,DEV061,Alhambra First Avenue Northside,Hurghada (Red Sea),Al Mamsha,residential,,,,under construction,apartment,,,,,,,,"completion date 01-01-2027; units 51 to 160 sqm; site shows 'Price Starts from 45,000 EGP', too low for a unit and not labelled per sqm, so left out of price columns",S1-037
DEV061-P03,DEV061,Princess Resort,Hurghada (Red Sea),Al Mamsha,residential,,,2022.0,delivered,studio|apartment,,swimming pools|golf course|landscape,,advertised_starting,2026-09-22,550000.0,,completion date 30-06-2022; units 48 to 165 sqm,S1-037
DEV061-P04,DEV061,Al Hambra Waterfalls,Hurghada (Red Sea),Airport Road,residential,,,,unknown,studio|apartment,,,,,,,,"completion date given as 31-12-2025, handover not confirmed; units 38 to 122 sqm; site 'Price Starts from 40,000 EGP' ambiguous, left out",S1-037
DEV061-P05,DEV061,West ElBalad,Hurghada (Red Sea),"AKA Square, city centre",residential,,,,under construction,apartment,,,,,,,,"completion date 30-06-2026; units 95 to 172 sqm; site 'Price Starts from 22,000 EGP' ambiguous, left out",S1-037
DEV067-P01,DEV067,Nyoum October,6th of October,,mixed-use,341.0,2013.0,,unknown,,,commercial area|hospital|clubhouse|schools,,,,,,"1.381m sqm converted at 4,046.86 sqm per acre; fountain, open mall, hospital, club, three schools",S1-038
DEV067-P02,DEV067,Nyoum Pyramids,Giza,Cairo-Alexandria Desert Road near Grand Egyptian Museum,residential,,,,unknown,apartment,,swimming pools|clubhouse,,,,,,includes a 44-room hotel,S1-038
DEV067-P03,DEV067,Nyoum Assiut,Assiut,New Nasser City (Al-Hadaba),mixed-use,97.0,2020.0,,unknown,apartment|standalone villa,,commercial area|schools,,,,,,"390,978 sqm converted; hotel, school, clinics",S1-038
DEV067-P04,DEV067,Nyoum New Cairo,New Cairo,,mixed-use,,,,unknown,apartment,,commercial area,,,,,,residential tower with commercial mall,S1-038
DEV067-P05,DEV067,Nyoum Al-Mostakbal,Mostakbal City,overlooking Al-Amal axis,residential,169.0,,,unknown,apartment|standalone villa,,golf course|landscape,,,,,,"683,000 sqm converted",S1-038
DEV067-P06,DEV067,Nyoum Cairo Residence,,,residential,,,,unknown,,,,,,,,,location not stated in source,S1-038
DEV067-P07,DEV067,Nyoum Medical Hub,New Cairo,near New Cairo,commercial,,,,unknown,,,,,,,,,medical hub,S1-038
DEV067-P08,DEV067,Sia Villagio,North Coast,Golf Porto Marina,coastal/resort,,,,unknown,standalone villa,,commercial area,,,,,,539 villas and 42 shops,S1-038
DEV067-P09,DEV067,Sia Matrouh,Marsa Matrouh,Porto Matrouh,coastal/resort,,,,unknown,,,,,,,,,,S1-038
DEV067-P10,DEV067,Sia Lagoon,North Coast,Golf Porto Marina,coastal/resort,10.0,,,delivered,,,lagoon,,,,,,"41,056 sqm converted; opened summer 2021 per Feb 2022 article",S1-038
DEV067-P11,DEV067,Sia Island 1,,,coastal/resort,,,,unknown,,,,,,,,,location not stated in source,S1-038
DEV067-P12,DEV067,Sia Island 2,,,coastal/resort,,,,unknown,,,,,,,,,location not stated in source,S1-038
DEV067-P13,DEV067,Sia Aghadir,Agadir (Morocco),,coastal/resort,297.0,,,unknown,,,,,,,,,outside Egypt; 1.2m sqm converted,S1-038
DEV067-P14,DEV067,Sia Dead Sea,Dead Sea (Jordan),,coastal/resort,4.8,,,partially delivered,apartment,,,,,,,,"outside Egypt; first phase delivered; second phase 440 apartments, 120 hotel rooms, 40 shops",S1-038
DEV073-P01,DEV073,Soma Coves,Red Sea,Somabay,coastal/resort,,,,unknown,standalone villa,,golf course|marina|schools,,,,,,unit types as listed on site; facilities are destination-wide,S1-042|S1-043
DEV073-P02,DEV073,Blanca,Red Sea,Somabay,coastal/resort,,,,unknown,apartment,,golf course|marina|schools,,,,,,unit types as listed on site; facilities are destination-wide; site lists apartments and lofts,S1-042|S1-043
DEV073-P03,DEV073,Mesca,Red Sea,Somabay,coastal/resort,,,,unknown,apartment|chalet,,golf course|marina|schools,,,,,,"unit types as listed on site; facilities are destination-wide; site lists residences, cabanas, chalets, twin chalets",S1-042|S1-043
DEV073-P04,DEV073,Soma Breeze,Red Sea,Somabay,coastal/resort,,,,unknown,apartment,,golf course|marina|schools,,,,,,unit types as listed on site; facilities are destination-wide,S1-042|S1-043
DEV073-P05,DEV073,Wadi Jebal Extension,Red Sea,Somabay,coastal/resort,,,,unknown,,,golf course|marina|schools,,,,,,unit types as listed on site; facilities are destination-wide,S1-042|S1-043
DEV073-P06,DEV073,Bay Central,Red Sea,Somabay,coastal/resort,,,,unknown,apartment|standalone villa,,golf course|marina|schools,,,,,,unit types as listed on site; facilities are destination-wide,S1-042|S1-043
DEV079-P01,DEV079,Montenapoleone,Mostakbal City,East Cairo,mixed-use,115.2,2021.0,,under construction,apartment|townhouse,,commercial area|landscape,,,,,,"111 feddans (465,000 sqm) converted at 1.038 acres per feddan; 4,524 units; phases 1-2 sold out; two malls (Via 1, Via 2)",S1-044|S1-045
DEV079-P02,DEV079,"North Coast project (unnamed, with Egyptian partner)",North Coast,,coastal/resort,,,,unknown,,,,,,,,,"approximately 2,000 units; name not given in source",S1-045
DEV091-P01,DEV091,Jade and Blue,New Cairo,"Fifth Settlement, near the American University in Cairo",mixed-use,12.5,2025.0,,launched,,,,,,,,,Daily News Egypt says over 12 feddans (converted at 1.038 acres per feddan); Zawya says 12 acres; EGP 15bn investment; delivery within four years,S1-046|S1-047
DEV098-P01,DEV098,Seazen,North Coast,"km 170, Dabaa area",coastal/resort,211.8,2022.0,,under construction,chalet|standalone villa,fully finished,landscape,,,,,,"204 feddans converted at 1.038 acres per feddan; 2,000 units; 690 m beachfront; investment EGP 23bn per 2026 article",S1-049|S1-050
DEV098-P02,DEV098,Eastshire,New Cairo,"Fifth Settlement, AUC Avenue",residential,26.0,,,unknown,standalone villa|townhouse,,clubhouse|gym|swimming pools|commercial area,,,,,,,S1-051
DEV098-P03,DEV098,Cityzen,Mostakbal City,,residential,97.6,,,unknown,apartment|townhouse|standalone villa,,landscape|commercial area,,,,,,"94 feddans converted at 1.038 acres per feddan; 2,438 units; G+5 buildings",S1-051
DEV098-P04,DEV098,The Qube,New Cairo,"Eastshire, AUC Avenue",commercial,,,,unknown,,,,,,,,,"commercial strip of five buildings with retail, dining, medical and office space; 11 F&B concepts",S1-051
DEV109-P01,DEV109,ORO,New Administrative Capital,,residential,,2022.0,,unknown,apartment,,,,,,,,"1,600 units in 8-storey buildings; developed by subsidiary Olive Tree for Real Estate and Development",S1-053
DEV109-P02,DEV109,N-Mall,New Administrative Capital,,commercial,,2021.0,,unknown,,,,,,,,,"commercial, administrative and medical units; Olive Tree subsidiary",S1-053
DEV109-P03,DEV109,Oubor Heights,Obour City,,residential,25.0,2021.0,,unknown,standalone villa,,commercial area,,,,,,"288 villas plus 15,000 sqm commercial mall; developed by subsidiary BFB for Real Estate and Development",S1-053
DEV116-P01,DEV116,Castle Landmark,New Administrative Capital,"R7, next to British University",residential,43.1,2018.0,,unknown,apartment,fully finished,clubhouse|gym|commercial area|landscape,,,,,,"41.5 feddans converted at 1.038 acres per feddan (2021 article says 43 acres); 1,800 units 120-300 sqm; with El Makassa; 70% solar",S1-054|S1-055
DEV116-P02,DEV116,Castle Gate Mall,New Administrative Capital,R7,commercial,20.8,,,unknown,,,,,,,,,20 feddans converted; 196 administrative and commercial units,S1-055
DEV116-P03,DEV116,East Side Building,,,mixed-use,1.88,,,unknown,apartment,,,,,,,,"7,600 sqm converted at 4,046.86 sqm per acre; nine floors: commercial, medical and residential; EGP 800mn; excavation complete June 2021",S1-055
DEV123-P01,DEV123,VIA,Sheikh Zayed,,residential,3.95,2024.0,,launched,,,,,,,,,"16,000 sqm converted at 4,046.86 sqm per acre; phase 1: 100 units, completion targeted Dec 2027; EGP 2bn investment",S1-056
DEV123-P02,DEV123,RIZA,,,residential,,,,unknown,,,,,,,,,listed on developer site; location not stated,S1-057
DEV123-P03,DEV123,RIZA 2,,,residential,,,,unknown,,,,,,,,,listed on developer site; location not stated,S1-057
DEV132-P01,DEV132,Pulse,6th of October,"Wahat Road, opposite New October First District",commercial,0.84,2025.0,,launched,,,,,,,,,"3,400 sqm converted at 4,046.86 sqm per acre; commercial and medical units; construction from March 2026, delivery end-2027; partner EHFS",S1-058
DEV138-P01,DEV138,Velora Villa,New Zayed,near Middle Ring Road (Zayed axis),residential,10.4,2025.0,,launched,twin house|townhouse|standalone villa,,clubhouse|security gates|landscape,,,,,"10% down payment, installments up to 10 years; launch discounts up to 30%","10 feddans (about 39,315 sqm) converted at 1.038 acres per feddan; 62 units; EGP 2bn investment",S1-059|S1-060
DEV138-P02,DEV138,Golden View,New Administrative Capital,,,,,,unknown,,,,,,,,,listed on developer site; category not stated,S1-060
DEV138-P03,DEV138,Building D158,,North House,,,,,unknown,,,,,,,,,listed on developer site with location 'North House'; city and category not stated,S1-060
DEV144-P01,DEV144,KIN,New Cairo,Al-Qoronfel,residential,23.9,2025.0,,under construction,townhouse|apartment,core and shell,kids area|swimming pools|lagoon|sports courts|clubhouse|commercial area|underground parking|security gates|landscape|gym,,,,,,23 feddans converted at 1.038 acres per feddan; 434 units; construction began Aug 2026; phase 1 delivery by 2030; investment EGP 22bn,S1-061|S1-062
DEV150-P01,DEV150,Hayah Residence,6th of October,Al-Wahat Road near MSA University,mixed-use,10.4,2025.0,,launched,apartment|serviced apartment,semi-finished|furnished,commercial area|clubhouse|swimming pools|sports courts|gym|mosque|dog park|security gates|landscape,,,,,,"42,000 sqm converted at 4,046.86 sqm per acre; 521 units: 389 semi-finished 105-215 sqm and 132 hotel-style furnished 34-75 sqm; 8,400 sqm commercial; EGP 5bn sales target",S1-063
DEV150-P02,DEV150,Val Plaza,6th of October,,commercial,1.54,,,under construction,,,,,,,,,"6,250 sqm converted; 100 retail plus 185 administrative and medical units; EGP 1.3bn investment; opening planned H1 2026",S1-063|S1-064
DEV155-P01,DEV155,Being,New Zayed,opposite Sphinx International Airport,mixed-use,155.7,2025.0,,launched,,,,,,,,,150 feddans converted at 1.038 acres per feddan; includes Mindset business hub,S1-066
DEV155-P02,DEV155,Stei8ht,,,,,,,unknown,,,,,,,,,named in LMD portfolio; location not stated in fetched source,S1-066
DEV155-P03,DEV155,Eastside,,,,,,,unknown,,,,,,,,,named in LMD portfolio; location not stated in fetched source,S1-066
DEV155-P04,DEV155,One Ninety,,,mixed-use,,,,unknown,,,,,,,,,named in LMD portfolio; New Cairo location appears in search snippets only (not fetched),S1-066
DEV155-P05,DEV155,Zoya,North Coast,,coastal/resort,,,,unknown,,,,,,,,,,S1-066
DEV169-P01,DEV169,Golden Yard,New Administrative Capital,,,,,,unknown,,,,,,,,,,S1-068
DEV169-P02,DEV169,Marseilia Beach 5,North Coast,Ras El Hekma,coastal/resort,,,,unknown,,,,,,,,,,S1-068|S1-070
DEV169-P03,DEV169,Hayat Marseilia,Alexandria,new entrance of Alexandria,,,,,unknown,,,,,,,,,"site logos also show Hayat Marseilia Shopping Mall, Hayat Clinics, Hayat Park",S1-068
DEV169-P04,DEV169,Kaskaydya (Cascadia),New Alamein,124.5 km west of Alexandria,coastal/resort,41.5,2020.0,,unknown,,,,,,,,,"40 feddans converted at 1.038 acres per feddan; EGP 5bn investment; site spelling Kaskaydya, 2020 press spelling Cascadia",S1-068|S1-070
DEV169-P05,DEV169,Marseilia Beach 4,North Coast,,coastal/resort,,,,partially delivered,,,,,,,,,850 units of phase 2 delivered in 2020,S1-070
DEV169-P06,DEV169,Marseilia Beach 6,Marsa Matrouh,Fouka,coastal/resort,123.5,2026.0,,launched,,,,,,,,,119 feddans (plots of 74 and 45) converted at 1.038 acres per feddan; MoUs signed Feb 2026,S1-071
DEV169-P07,DEV169,Nasr City project (with Amlak),Cairo,Nasr City,,,,,unknown,,,,,,,,,Egyptian-Emirati partnership with Amlak; over EGP 10bn investment (2020); project name not given,S1-070
DEV169-P08,DEV169,Marseilia Florence,,,,,,,unknown,,,,,,,,,logo on site only; location and type not stated,S1-069
DEV169-P09,DEV169,Marseilia Matrouh,Marsa Matrouh,,,,,,unknown,,,,,,,,,logo on site only,S1-069
DEV176-P01,DEV176,Grand Egyptian Museum hospitality project,,opposite the Grand Egyptian Museum,commercial,,,,unknown,,,,,,,,,"hotel, retail, restaurants and cafes with a partner investor; planning stage; category commercial as nearest fit for hospitality",S1-074
DEV176-P02,DEV176,Blue Bay,Ras Sedr (South Sinai),,coastal/resort,,,,partially delivered,,,,,,,,,"renovated; first phase operational, second phase in preparation (July 2026)",S1-074
DEV185-P01,DEV185,Eleven,New Administrative Capital,,residential,,,,partially delivered,,,,,,,,,99% sold,S1-075|S1-076
DEV185-P02,DEV185,Atika,New Administrative Capital,,residential,,,,partially delivered,,,,,,,,,99% sold,S1-075|S1-076
DEV185-P03,DEV185,Amara Residence,New Administrative Capital,,residential,,,,under construction,,,,,,,,,60% sold,S1-075|S1-076
DEV185-P04,DEV185,Sadaf,New Administrative Capital,,residential,,2026.0,,under construction,,,,,,,,,25% sold,S1-075
DEV185-P05,DEV185,Serrano,New Administrative Capital,,residential,,,,delivered,,,,,,,,,"99% sold; developer site says New Capital, fetched press summary said New Cairo",S1-075|S1-076
DEV185-P06,DEV185,Eclat Residence,Port Said,,mixed-use,,,,delivered,,,,,,,,,delivered and operational,S1-075|S1-076
DEV185-P07,DEV185,Talla,Port Said,,residential,,,,under construction,,,,,,,,,"70% sold; press places it in Port Said, developer site lists 'Talah - New Cairo'",S1-075|S1-076
DEV185-P08,DEV185,Tonino Lamborghini,North Coast,,coastal/resort,,,,unknown,,,,,,,,,50% sold,S1-075|S1-076
DEV185-P09,DEV185,Granvia,,,,,,,unknown,,,,,,,,,80% sold; location not stated,S1-075
DEV192-P01,DEV192,Cava Residence,New Obour,entrance of New Obour,mixed-use,24.9,2026.0,,launched,,,,,,,,,"24 feddans converted at 1.038 acres per feddan; EGP 4bn; residential, commercial and hospitality components",S1-077|S1-078
DEV199-P01,DEV199,BRX,New Cairo,Mohamed Naguib Axis,mixed-use,9.0,2026.0,,launched,,,commercial area,,,,,,"36,483 sqm with 390 m frontage converted at 4,046.86 sqm per acre nine commercial and administrative buildings; parking for about 800 cars; USD 152mn sales target",S1-079|S1-080
DEV207-P01,DEV207,Residence 8,New Administrative Capital,R8,residential,,,2026.0,partially delivered,,,,,,,,,phase 1 about 350 units handed over from Jan 2026,S1-081
DEV207-P02,DEV207,"Sixth Settlement project (75 acres, later reported as Vallis)",New Cairo,Sixth Settlement,mixed-use,75.0,,,unknown,,,,,,,,,"75-acre plot per Zawya; name Vallis appears only in a social media snippet (not fetched), so treat name as unconfirmed",S1-082
DEV207-P03,DEV207,Sky North,North Coast,Ras El Hekma,coastal/resort,,,,launched,,,,,,,,,EGP 80bn (USD 1.62bn) investment in 5 phases; mixed-use coastal,S1-083
DEV214-P01,DEV214,Armonia,New Administrative Capital,,residential,42.0,,,unknown,apartment,,,,,,,,"1,750 units 80-350 sqm; EGP 3.5bn; first phase completed by Jan 2024 (handover not explicitly stated)",S1-085
DEV214-P02,DEV214,il Bayou,Red Sea,Sahl Hasheesh,coastal/resort,11.1,,,under construction,standalone villa,furnished,,,,,,,"45,000 sqm converted at 4,046.86 sqm per acre; EGP 500mn; 40% built Jan 2024",S1-085
DEV214-P03,DEV214,Westrict,Sheikh Zayed,Cairo-Alexandria Desert Road,mixed-use,,2026.0,,launched,serviced apartment,,,,,,,,"about 60,000 sqm built-up area; 123-room Tribute Portfolio hotel, about 250 serviced residential units, 110 administrative units, retail",S1-084
DEV222-P01,DEV222,Ladera Red Sea,Red Sea,,coastal/resort,,,,unknown,,,,,,,,,,S1-086
DEV222-P02,DEV222,G3 Mall,,,commercial,,,,unknown,,,,,,,,,location not stated,S1-086
DEV222-P03,DEV222,G-Bay El Sokhna,Ain Sokhna,,coastal/resort,,,,unknown,,,,,,,,,,S1-086
DEV222-P04,DEV222,Ladera El Sokhna,Ain Sokhna,,coastal/resort,,,,unknown,,,,,,,,,marked 'Coming Soon' on site,S1-086
DEV229-P01,DEV229,HOM,6th of October,,residential,24.9,2025.0,,launched,,,,,,,,"down payment from 5% (or zero down option), installments up to 10 years","24 feddans converted at 1.038 acres per feddan; about 400 units in phase 1, 60-170 sqm; EGP 1.5bn phase 1 sales target",S1-087
DEV229-P02,DEV229,La Castle 1-9,,,,,2022.0,,unknown,,,,,,,,,nine phases or buildings grouped as one row; location not stated,S1-087
DEV229-P03,DEV229,Roudy,,,,,,,unknown,,,,,,,,,location not stated,S1-087
DEV229-P04,DEV229,One Three One,,,,,,,unknown,,,,,,,,,location not stated,S1-087
DEV242-P01,DEV242,Damora N5 Mall,New Cairo,"Gardenia Heights, Fifth Settlement",commercial,0.44,2025.0,,launched,,,,,,,,"5% down payment, installments up to 90 months","1,800 sqm plot converted at 4,046.86 sqm per acre; 34 commercial and 17 administrative/medical units; EGP 600mn",S1-088
DEV260-P01,DEV260,East Tower5,New Administrative Capital,"Downtown, 75 m main axis",commercial,0.89,,,under construction,,,,,,,,,"3,585 sqm converted; retail, restaurant, food court and offices; delivery planned end-2026",S1-089
DEV260-P02,DEV260,QEAST,New Administrative Capital,Downtown eastern axis,commercial,0.84,,,under construction,,,,,,,,,"3,380 sqm converted; excavation and foundations underway Dec 2024",S1-089
DEV260-P03,DEV260,Q CLINICS,New Administrative Capital,"MU7, opposite Central Business District",commercial,0.74,2025.0,,under construction,,,,,,,,,"3,000 sqm converted; medical clinics from 40 sqm plus retail; EGP 1.2bn; excavation completed Dec 2024",S1-089
DEV270-P01,DEV270,Sueno,New Cairo,,residential,,,,unknown,apartment|duplex,,,,,,,,115-327 sqm; boutique compound; location as stated on developer site,S1-090
DEV270-P02,DEV270,The V,New Cairo,,mixed-use,,,,unknown,apartment,,,,,,,,"offices, clinics, shops and residential units",S1-090
DEV270-P03,DEV270,Elite,New Cairo,,mixed-use,,,,unknown,,,,,,,,,,S1-090
DEV280-P01,DEV280,IKon Mall,6th of October,,mixed-use,3.7,2025.0,,launched,serviced apartment,,,,,,,,"over 15,000 sqm (area basis not stated) converted at 4,046.86 sqm per acre; commercial, serviced apartments and hotel; ground plus three floors",S1-091
DEV280-P02,DEV280,River Residence,6th of October,Hadayek October,residential,,,,unknown,,,clubhouse|kids area|landscape,,,,,,21 residential buildings,S1-091
DEV280-P03,DEV280,Town Plaza,New October,,,,,,unknown,,,,,,,,,,S1-091
DEV280-P04,DEV280,River Park 1,,Green Belt area,,,,,unknown,,,,,,,,,,S1-091
DEV280-P05,DEV280,River Park 2,,Green Belt area,,,,,unknown,,,,,,,,,,S1-091
DEV280-P06,DEV280,Z4,Sheikh Zayed,,mixed-use,15.6,,,unknown,,,,,,,,,15 feddans converted at 1.038 acres per feddan,S1-091
DEV002-P01,DEV002,Badya,6th of October,West Cairo,mixed-use,3113.5,2018.0,2021.0,partially delivered,,,,,,,,,"Land 12.6 million sqm co-developed with NUCA (converted to acres); website says 3,000 acres; sales chart starts 2018; pilot phase delivered 4Q2021",S2-010|S2-005|S2-002
DEV002-P02,DEV002,Palm Hills New Cairo,New Cairo,East Cairo,residential,518.9,,2021.0,partially delivered,standalone villa,,schools|hospital|clubhouse|commercial area,,,,,,"Land 2.1 million sqm via NUCA revenue share (converted); 420k sqm earmarked commercial incl. school, hospital, club, retail; handovers began 1Q2021",S2-010|S2-002
DEV002-P03,DEV002,The Crown,6th of October,West Cairo,residential,197.7,,2021.0,partially delivered,,,,,,,,,Land 0.8 million sqm (converted); handovers started early 2021,S2-010
DEV002-P04,DEV002,The Crown Extension,6th of October,West Cairo,residential,,,,launched,,,,,,,,,Listed as West Cairo spotlight project on website,S2-005
DEV002-P05,DEV002,Hacienda West,North Coast,,coastal/resort,148.3,2021.0,,under construction,,,,,,,,,Land 0.6 million sqm (converted); launched summer 2021 per Sept 2022 IR; units ready for handover in FY2026,S2-010|S2-002
DEV002-P06,DEV002,Palmet October,6th of October,West Cairo,mixed-use,46.7,2022.0,,launched,,,commercial area,,,,,,Land 189k sqm (converted); launch 2Q2022,S2-010|S2-005
DEV002-P07,DEV002,Village de la Capitale,New Administrative Capital,East Cairo,residential,327.0,2026.0,,launched,,,,,,,,,315 feddans converted to acres (x1.038); launched 1Q2026 with EGP 24bn sales; projected sales EGP 160bn over 8 years,S2-003|S2-002
DEV002-P08,DEV002,97 Hills (Palm Hills New Cairo Extension),New Cairo,East Cairo,residential,100.7,,,launched,,,,,,,,,97 feddans converted to acres (x1.038); expected launch before end-2025; sales recorded 1Q2026,S2-003|S2-002
DEV002-P09,DEV002,Palm Hills Jirian,New Sheikh Zayed,West Cairo,residential,374.7,2025.0,,launched,,,landscape,,,,,,"361 feddans converted to acres (x1.038); Nile branch through project; c.6,500 units; expected sales EGP 200bn",S2-004
DEV002-P10,DEV002,Palm Hills One,,West Cairo,residential,,,,launched,,,,,,,,,Recently launched per 1Q2026 release,S2-005|S2-002
DEV002-P11,DEV002,P/X,,West Cairo,residential,,,,launched,,,,,,,,,Named as West Cairo sales driver in 1Q2026,S2-002
DEV002-P12,DEV002,Bamboo,,West Cairo,residential,,,,unknown,standalone villa|townhouse,,landscape,,,,,,Website describes villas and townhomes in West Cairo,S2-005
DEV002-P13,DEV002,Palm Hills October,6th of October,West Cairo,residential,,,,unknown,,,,,,,,,Referenced as host community of Golf Central and Palmet,S2-010
DEV002-P14,DEV002,Golf Central,6th of October,West Cairo,mixed-use,7.9,,,unknown,,,commercial area,,,,,,Land 32k sqm (converted) inside Palm Hills October,S2-010
DEV002-P15,DEV002,Capital Gardens,,,residential,,,,partially delivered,,,,,,,,,Units ready for handover in FY2026; city not stated in source,S2-002
DEV002-P16,DEV002,Palm Hills Alexandria,Alexandria,,residential,,,,under construction,,,,,,,,,Construction spend and FY2026 handovers cited,S2-002
DEV002-P17,DEV002,Hacienda Heneish,North Coast,,coastal/resort,,,,launched,,,,,,,,,,S2-005|S2-002
DEV002-P18,DEV002,Hacienda Blue,North Coast,,coastal/resort,,,,launched,townhouse,,,,,,,,,S2-005|S2-002
DEV002-P19,DEV002,Hacienda Waters,North Coast,,coastal/resort,,,,launched,,,,,,,,,,S2-002
DEV002-P20,DEV002,Hacienda Bay,North Coast,,coastal/resort,,,,unknown,,,,,,,,,,S2-005
DEV002-P21,DEV002,Hacienda White,North Coast,,coastal/resort,,,,unknown,,,,,,,,,,S2-005
DEV002-P22,DEV002,Hacienda Ras El Hekma,North Coast,Ras El Hekma,coastal/resort,,2026.0,,launched,,,,,,,,,Unveiled August 2026 per website news; EGP 75bn sales in first two months (The Board Consulting via Daily News Egypt),S2-005|S2-002|S2-058
DEV002-P23,DEV002,Saadiyat-adjacent project Abu Dhabi,Abu Dhabi,,residential,462.1,,,unknown,,,,,,,,,1.87 million sqm plot adjacent to Saadiyat Island (converted); agreement 2025; category not stated,S2-001|S2-002
DEV008-P01,DEV008,ZED Sheikh Zayed,Sheikh Zayed,West Cairo,mixed-use,171.3,,,unknown,apartment,,clubhouse|commercial area|landscape,,,,,Reduced down payments and extended installments announced Sept 2025 (no figures),"165 feddans converted to acres (x1.038); 100 feddan residential, 65 feddan ZED Park; retail ZED Strip and Towers Mall",S2-011|S2-012
DEV008-P02,DEV008,ZED East,New Cairo,East Cairo,mixed-use,344.6,,,under construction,standalone villa|townhouse|apartment|duplex,,clubhouse|sports courts|swimming pools|commercial area|underground parking|landscape|hospital,,,,,,332 feddans converted to acres (x1.038); Daily News Egypt reports 334 acres; includes Club Side Towers and Club Residence phases; healthcare component per press,S2-011|S2-012|S2-013
DEV008-P03,DEV008,Solana (Solana West),New Zayed,West Cairo,residential,328.0,,,unknown,standalone villa|townhouse|apartment|serviced apartment,,clubhouse|sports courts|schools|commercial area,,,,,,"316 feddans converted to acres (x1.038); 870 villas/townhouses and 1,300 apartments; 130,000 sqm football club",S2-011|S2-012
DEV008-P04,DEV008,Solana East,,East Cairo,residential,,,,unknown,,,,,,,,,Named only in press portfolio list,S2-013
DEV008-P05,DEV008,Pyramid Hills,Giza,Giza Plateau,residential,96.5,,,under construction,standalone villa|twin house|townhouse|apartment,,clubhouse|swimming pools|landscape,,,,,,93 feddans converted to acres (x1.038); 93 villas and 82 twin/townhouses; West Gate phase under construction,S2-011
DEV008-P06,DEV008,Silversands North Coast,North Coast,,coastal/resort,522.1,,,partially delivered,standalone villa|twin house|townhouse|chalet|apartment,,clubhouse|lagoon,,,,,,503 feddans converted to acres (x1.038); same page also says 506 acres; first-phase deliveries underway Sept 2025,S2-011|S2-012
DEV014-P01,DEV014,Taj City,New Cairo,East Cairo (opposite Cairo International Airport),mixed-use,889.6,2012.0,,partially delivered,apartment|duplex|studio|standalone villa,,clubhouse|schools|mosque|gym|commercial area|landscape,112205.0,ir_average,2026-06-30,,,"3.6 million sqm converted to acres; 11,612 total units, 95.7% sold, avg unit 150 sqm; deliveries ongoing",S2-014|S2-018|S2-017
DEV014-P02,DEV014,Sarai,New Cairo,East Cairo (Suez Road near New Administrative Capital),mixed-use,1359.1,2016.0,,partially delivered,apartment|duplex|studio,,clubhouse|schools|mosque|gym|commercial area|sports courts|landscape,92000.0,ir_average,2026-06-30,,,"5.5 million sqm converted to acres; 16,488 total units, 86.1% sold, avg unit 157 sqm; IR presentation says launch 2016, timeline slide says 2017",S2-014|S2-018|S2-017
DEV014-P03,DEV014,The Butterfly,Mostakbal City,East Cairo,mixed-use,247.1,2024.0,,under construction,standalone villa|townhouse|apartment,,landscape,85000.0,ir_average,2026-06-30,,,"1.0 million sqm converted to acres (238 feddans per press; website says 200 acres); 3,583 total units, 30.5% sold, avg unit 154 sqm",S2-014|S2-018|S2-017
DEV014-P04,DEV014,Talala,New Heliopolis,East Cairo,mixed-use,518.9,2025.0,,under construction,standalone villa|townhouse|duplex,fully finished,,82422.0,ir_average,2026-06-30,,,"2.1 million sqm converted to acres (press: 491 feddans); 4,174 total units, 25.2% sold, avg unit 131 sqm; also stacked S Villa typology",S2-014|S2-018|S2-017
DEV014-P05,DEV014,Zahw Assiut,Assiut,West Assiut,mixed-use,108.1,2023.0,,under construction,standalone villa|townhouse|twin house,,sports courts|swimming pools,32101.0,ir_average,2026-06-30,,,"437,549 sqm per website converted to acres (press: 104 acres); 297 total units, 12.5% sold",S2-014|S2-018|S2-017
DEV014-P06,DEV014,D2N (Day 2 Night),New Cairo,"Sarai Gate, Suez Road",commercial,,2026.0,,launched,,,commercial area,,,,,,"Medical, administrative and retail complex inside Sarai; launched April 2026",S2-014
DEV014-P07,DEV014,KLOK,,,administrative,,,,launched,,,commercial area,,,,,,"15,000 sqm strip of four buildings; 95% of administrative units sold; location not stated",S2-014|S2-017
DEV014-P08,DEV014,Tajed (Taj City commercial),New Cairo,"Taj City, Cairo-Suez Road",commercial,,,,unknown,,,commercial area,,,,,,"39,000 sqm commercial district",S2-014
DEV020-P01,DEV020,Sun Capital (October Gardens),6th of October,"October Gardens, West Cairo",mixed-use,557.0,,,unknown,,,commercial area|clubhouse,,,,,,"Website states 557 acres and also 'over 2,000,000 m2'; 14,000+ residential units and 1.8 million m2 commercial; Sun Capital Club listed as partner",S2-020
DEV020-P02,DEV020,Elora,New Zayed,West Cairo,residential,227.0,,,unknown,standalone villa|apartment,,gym|swimming pools|landscape,,,,,,"1,400 residential units",S2-020
DEV020-P03,DEV020,Moon Valley 1,New Cairo,"90th Street, beside Galleria Mall",residential,48.0,,,unknown,standalone villa,,clubhouse|gym|swimming pools,,,,,,204 units,S2-020
DEV020-P04,DEV020,Moon Valley 2,New Cairo,New Cairo 1,residential,21.0,,,unknown,apartment|penthouse|standalone villa,,clubhouse|gym|swimming pools,,,,,,124 residential units,S2-020
DEV020-P05,DEV020,Galleria Residence,New Cairo,New Cairo 1,residential,72.0,,,unknown,apartment,,gym,,,,,,"2,000 units; wellness facilities",S2-020
DEV020-P06,DEV020,Bungalows,North Coast,Km 73,coastal/resort,46.0,,,unknown,,,,,,,,,420 residential units,S2-020
DEV020-P07,DEV020,Galleria Mall,New Cairo,90th Street,commercial,,,,unknown,,,commercial area,,,,,,Listed as commercial community,S2-020
DEV020-P08,DEV020,Tycoon,New Cairo,,commercial,,,,unknown,,,,,,,,,Listed as commercial community,S2-020
DEV020-P09,DEV020,Building 48,New Cairo,,commercial,,,,unknown,,,,,,,,,Listed as commercial community,S2-020
DEV020-P10,DEV020,Building 217,New Cairo,,commercial,,,,unknown,,,,,,,,,Listed as commercial community,S2-020
DEV020-P11,DEV020,EBE,,,commercial,,,,unknown,,,,,,,,,Listed as commercial community; location not captured,S2-020
DEV020-P12,DEV020,New Capital project (coming soon),New Administrative Capital,,commercial,,,,unknown,,,,,,,,,Listed as 'Coming Soon' under commercial,S2-020
DEV020-P13,DEV020,Fairmont Giza,6th of October,October Gardens - Sun Capital,commercial,,,,unknown,,,,,,,,,Hotel (hospitality) inside Sun Capital; categorised as commercial,S2-020
DEV026-P01,DEV026,Storia Del Mare,Hurghada,Arabia Road,coastal/resort,,,2025.0,under construction,studio|apartment,fully finished,swimming pools|gym|commercial area,,advertised_starting,2026-09-22,4000000.0,Flexible payment plans (no figures),Planned delivery December 2025 per website; main site range EGP 4.1M to 23.5M,S2-022|S2-021
DEV026-P02,DEV026,Atlantis,Hurghada,Downtown,coastal/resort,10.4,,2026.0,under construction,studio|apartment|duplex,fully finished,swimming pools|gym|commercial area|landscape,,advertised_starting,2026-09-22,2200000.0,Flexible payment plans (no figures),"42,000 m2 converted to acres; units 36-215 m2; planned delivery June 2026; main site range EGP 2.6M to 12.2M",S2-022|S2-021
DEV026-P03,DEV026,Oro Beach,Hurghada,El Ahyaa,coastal/resort,,,2026.0,under construction,studio|apartment,fully finished,swimming pools|gym,,advertised_starting,2026-09-22,2200000.0,Flexible payment plans (no figures),Units 39-241 m2; main site range EGP 3.4M to 8.6M,S2-022|S2-021
DEV026-P04,DEV026,Sea Breeze,Hurghada,,coastal/resort,,,,under construction,,,,,,,,,Listed as in progress on home page,S2-021
DEV032-P01,DEV032,Almaza Bay,North Coast,38 km before Marsa Matrouh,coastal/resort,1606.2,,,partially delivered,,,,,,,,,6.5 million sqm converted to acres; mixed-use resort; two hotels and a marina planned; described as flagship that became a trend setter (operating destination),S2-023
DEV032-P02,DEV032,Ras Soma,Red Sea,,coastal/resort,,,,unknown,apartment|standalone villa,,,,,,,,Beachfront apartments and villas on the Red Sea,S2-023
DEV032-P03,DEV032,Makadina,Red Sea,Makadi Bay,coastal/resort,,,,launched,apartment|twin house|townhouse|standalone villa,,,,,,,,"Newest project, mixed-use resort; location and unit types from weak broker source only",S2-023|S2-024
DEV044-P01,DEV044,Kayan,Sheikh Zayed,West Cairo,residential,103.8,,2022.0,unknown,apartment,fully finished|semi-finished,kids area|landscape,,,,,Up to 6 years,"100 feddans converted to acres (x1.038); 1,600 units of 60-180 sqm; BUA 200,000 sqm; sales target EGP 3bn; first_delivery_year is the scheduled year per Dec 2020 press",S2-026
DEV050-P01,DEV050,Residence Eight (Residence 8),New Administrative Capital,R8,residential,,2021.0,2026.0,partially delivered,apartment,fully finished,landscape,,,,,,Phase One c.350 units delivered from Jan 2026; entry to Egypt and project launch in 2021,S2-029|S2-028
DEV050-P02,DEV050,Capital Avenue,New Administrative Capital,,commercial,,,,unknown,,,commercial area,,,,,,Press lists as delivered in March 2026 article but status not independently confirmed,S2-028
DEV050-P03,DEV050,Blue Tree,New Cairo,Golden Square,residential,,,,unknown,,,,,,,,,"March 2026 press lists as delivered, but Jan 2026 press says Residence 8 was the first residential handover; status left unknown",S2-028|S2-029
DEV050-P04,DEV050,Sky North,North Coast,Ras El Hekma,coastal/resort,446.3,,,under construction,,,,,,,,,430 feddans converted to acres (x1.038); described as ongoing,S2-028
DEV050-P05,DEV050,Sixth Settlement mixed-use project (name not announced),New Cairo,Sixth Settlement,mixed-use,77.9,2026.0,,unknown,,,commercial area,,,,,,75 feddans converted to acres (x1.038); launch planned 2026,S2-028
DEV056-P01,DEV056,NAIA West,New Sheikh Zayed,West Cairo,mixed-use,145.3,2023.0,2026.0,under construction,standalone villa|townhouse|apartment,fully finished,clubhouse|commercial area,,,,,,140 feddans converted to acres (x1.038); first phase 90% complete Mar 2026; Alana phase 496 fully finished units of 135-175 sqm; launch year is planned Q1 2023 per 2022 press,S2-030|S2-031
DEV056-P02,DEV056,NAIA Bay,North Coast,Ras El Hekma,coastal/resort,,,,unknown,,,commercial area,,,,,,First phase (30% of units) sold out by Nov 2022 with delivery planned 2024; 300-key hotel planned,S2-031|S2-030
DEV074-P01,DEV074,Zahra,New Alamein,North Coast KM 124,coastal/resort,1000.0,,,unknown,,,commercial area|landscape,,,,,,"25,132 residential units; mixed residential, touristic and hospitality",S2-032
DEV074-P02,DEV074,Skyline,,,mixed-use,,,,unknown,serviced apartment|studio,,swimming pools|commercial area,,,,,,"Over 13,000 units; Hometel concept of serviced residences; website land figure appears to be a template value and was not used",S2-032
DEV074-P03,DEV074,Kattameya Gate,Cairo,Kattameya-Ain Sokhna Road,mixed-use,10.8,,,unknown,apartment,,swimming pools|underground parking|commercial area,,,,,,"43,700 m2 converted to acres (website header wrongly says 43,700 acres); 2,479 residential units 47-156 m2; 1,041 administrative and medical units; 320 retail shops",S2-032
DEV074-P04,DEV074,One Kattameya,Cairo,Between New Cairo and Maadi,mixed-use,26.2,,,unknown,apartment,,swimming pools|gym|lagoon|commercial area|mosque,,,,,,"106,000 m2 converted to acres; 30 residential towers with 3,551 units (header says 3,572)",S2-032
DEV074-P05,DEV074,Maadi Grand City,Cairo,"Maadi, next to Maadi City Centre",residential,15.5,,,unknown,apartment,,clubhouse|sports courts|lagoon|swimming pools|commercial area,,,,,,"62,760 m2 converted to acres; 17 towers, 4,928 residential units, 800 commercial units",S2-032
DEV074-P06,DEV074,Grand Gate,Cairo,"Maadi, next to Modern Academy",residential,,,,unknown,apartment,,gym|commercial area,,,,,,3 towers; access to Grand City Clubhouse,S2-032
DEV074-P07,DEV074,Residence,Cairo,Zahraa El Maadi,mixed-use,,,,unknown,apartment,,swimming pools|kids area|commercial area,,,,,,"216 residences of 185-370 sqm; 10,500 sqm retail and 6,600 sqm admin",S2-032
DEV074-P08,DEV074,Avenue,Cairo,"Zahraa El Maadi, facing Wadi Degla Club",residential,3.3,,,unknown,apartment,,,,,,,,"13,377 m2 converted to acres; 891 units of 73-234 m2",S2-032
DEV074-P09,DEV074,The Plaza,Cairo,Maadi,mixed-use,,,,unknown,apartment,,commercial area,,,,,,297 residences,S2-032
DEV074-P10,DEV074,Crystal Plaza,Cairo,Maadi,residential,,,,unknown,,,,,,,,,Listed on website; specific figures appear to be template values,S2-032
DEV074-P11,DEV074,Bavaria Town,Cairo,Maadi Ring Road,residential,,,,unknown,,,swimming pools|commercial area,,,,,,Rooftop pools; specific figures appear to be template values,S2-032
DEV074-P12,DEV074,D//View,Cairo,Maadi,mixed-use,,,,unknown,apartment,,swimming pools,,,,,,"Launched about 15 years ago per website; 23,400 sqm office tower and 419 residences",S2-032
DEV074-P13,DEV074,Palms,6th of October,,residential,350.0,,,unknown,apartment,,clubhouse|sports courts|commercial area|schools|hospital|landscape,,,,,,"23,928 housing units; 82% green space",S2-032
DEV074-P14,DEV074,Gardens,6th of October,,residential,100.0,,,unknown,apartment,,lagoon|landscape,,,,,,"6,840 residential units; 82% green and lakes",S2-032
DEV074-P15,DEV074,Lakefront,6th of October,,residential,,,,unknown,,,lagoon|landscape,,,,,,Website shows 37 acres but text says the landscaped 74% spans 37 acres; total land not recorded,S2-032
DEV074-P16,DEV074,Westcourts,6th of October,10 minutes from MSA University and Badya,residential,150.0,,,unknown,studio|apartment,,clubhouse|swimming pools|gym|commercial area|schools|hospital,,,,,,Low-rise 3-level buildings,S2-032
DEV074-P17,DEV074,Gateway Business District,Cairo,Kattameya,commercial,,,,unknown,,,commercial area,,,,,,Page content largely template text; listed as business district,S2-032
DEV086-P01,DEV086,Nile Business City,New Administrative Capital,"Downtown, Green River frontage",mixed-use,14.8,,,under construction,,,commercial area,,,,,,"60,000 sqm converted to acres; multi-tower vertical city with offices, retail, hotels",S2-035|S2-036
DEV086-P02,DEV086,Tycoon Tower,New Administrative Capital,Nile Business City,mixed-use,,,,under construction,,,commercial area,,,,,,Hotel tower operated by Millennium Hotels; 28th floor launched Aug 2026,S2-035|S2-036|S2-037
DEV086-P03,DEV086,31 North Tower,New Administrative Capital,"Tourist Towers Strip, Downtown",mixed-use,,,,unknown,,,,,,,,,,S2-035
DEV086-P04,DEV086,Tycoon Center,New Administrative Capital,,commercial,,,,unknown,,,commercial area,,,,,,,S2-035
DEV086-P05,DEV086,River District,New Administrative Capital,,mixed-use,,,,unknown,,,,,,,,,,S2-035
DEV086-P06,DEV086,Nile Boulevard,New Cairo,,residential,,,,unknown,,,,,,,,,French-style self-sufficient compound,S2-035
DEV092-P01,DEV092,dao Towers,New Administrative Capital,"Plot MU-12, Bin Zayed Axis",mixed-use,,2025.0,,launched,,,,,,,,,High-rise mixed-use; launched July 2025,S2-038
DEV100-P01,DEV100,Peerage,New Cairo,,residential,10.4,2023.0,,launched,,,landscape,,,,,,"10 feddans converted to acres (x1.038); mini-compound; EGP 3bn investment, EGP 700m first phase; 3-year development",S2-039
DEV100-P02,DEV100,Al-Riyadh Gardens,,Outskirts of Cairo,residential,,,,unknown,apartment|standalone villa,,landscape|commercial area,,,,,,Named only in government blog profile,S2-040
DEV100-P03,DEV100,Oasis Heights,New Cairo,,residential,,,,unknown,apartment|penthouse,,swimming pools|gym,,,,,,Named only in government blog profile,S2-040
DEV110-P01,DEV110,Spark Capital Insight,New Administrative Capital,MU23,commercial,2.0,,,unknown,,,,,,,,,"8,000 sqm converted to acres; commercial, administrative and medical units",S2-041
DEV110-P02,DEV110,Centoo,New Administrative Capital,Financial district,commercial,,2022.0,,unknown,,,,,,,,,Launched May 2022; excavation pending licences at launch; use mix not stated,S2-042
DEV110-P03,DEV110,AVIRA Residence (New Cairo plot near AUC),New Cairo,"Fifth Settlement, American University Axis",residential,20.0,,,launched,,,,,,,,,19.3 feddans converted to acres (x1.038) for the New Cairo residential and commercial plot near AUC (2022 press); linking of this plot to the AVIRA name and July 2026 sales office rests on a weak source,S2-041|S2-043
DEV117-P01,DEV117,Citystars Heliopolis,Cairo,Heliopolis,mixed-use,,,,delivered,,,commercial area,,,,,,"Operating mixed-use urban resort (business, shopping, entertainment); status inferred from website description of an operating destination",S2-044
DEV117-P02,DEV117,Citystars Katameyah,New Cairo,Katameya,mixed-use,,,,unknown,,,commercial area,,,,,,"Shopping, hotels, offices and residential",S2-044
DEV117-P03,DEV117,Citystars 6th of October,6th of October,West Cairo,mixed-use,,,,unknown,,,commercial area,,,,,,"Shopping, hotels, offices and living spaces",S2-044
DEV117-P04,DEV117,Citystars North Coast (Al Sahel),North Coast,,coastal/resort,,,,unknown,,,,,,,,,Location only on website,S2-044
DEV117-P05,DEV117,Citystars Soma - Red Sea Riviera,Red Sea,Soma,coastal/resort,,,,unknown,,,,,,,,,Location only on website,S2-044
DEV117-P06,DEV117,Citystars Sharm El Sheikh,Sharm El Sheikh,,coastal/resort,,,,unknown,,,,,,,,,Location only on website,S2-044
DEV124-P01,DEV124,295-feddan West Cairo project with Grova,6th of October,West Cairo,mixed-use,306.2,,,unknown,,,,,,,,,295 feddans converted to acres (x1.038); value $5.3bn; developed and managed by Grova; category not stated in accessible text,S2-045
DEV139-P01,DEV139,Seven Residence,6th of October,"October Gardens, Ahmed Zewail Axis",residential,54.0,,,under construction,,,sports courts|clubhouse|kids area|commercial area|landscape,,,,,Installments linked to construction progress,52 feddans converted to acres (x1.038); units from 109 sqm; 25% built-up; construction started Feb 2026,S2-047
DEV208-P01,DEV208,Park Street Edition,New Cairo,,mixed-use,4.9,2024.0,,under construction,,,commercial area,,,,,,"20,000 sqm converted to acres; BUA 65,000 sqm; residential, commercial and administrative; construction set to start after Eid al-Fitr 2025",S2-049|S2-048
DEV151-P01,DEV151,Palencia Plaza,Shorouk City,Al Horreya Street,commercial,1.5,2026.0,,launched,,,underground parking|security gates|commercial area,,,,,"10% down payment, up to 8 years","6,000 sqm converted to acres; G+3; commercial, administrative and medical units; EGP 1.5bn investment",S2-050
DEV151-P02,DEV151,Palencia Al Shorouk,Shorouk City,,residential,,2026.0,,launched,,,,,,,,,Residential project launched in parallel with Palencia Plaza,S2-050
DEV157-P01,DEV157,La Verde New Capital,New Administrative Capital,"R8, Green River frontage",residential,36.3,,,under construction,apartment|standalone villa,,commercial area,,,,,,"35 feddans converted to acres (x1.038); apartments 135-313 sqm, villas up to 470 sqm; 9,000 sqm mall; 60%+ built Sept 2024; EGP 6bn investment",S2-051
DEV157-P02,DEV157,La Verde Cassette,New Administrative Capital,Green River frontage,residential,57.1,,,under construction,standalone villa,,commercial area,,,,,,55 feddans converted to acres (x1.038); 230 villas; 65%+ built Sept 2024; EGP 5bn investment,S2-051
DEV164-P01,DEV164,MADA City mixed-use development (with MIDAR),New Cairo,MADA City,mixed-use,574.0,2026.0,,unknown,,,commercial area,,,,,,"553 feddans converted to acres (x1.038); phase 1 200 feddans over 4 years; c.6,000 residential units; 60 feddans retail and entertainment; revenue share with MIDAR; signed June 2026",S2-053
DEV170-P01,DEV170,The Central Gate,6th of October,"Hadayek October, Central Ring Road",mixed-use,83.0,2026.0,,launched,apartment|duplex,,commercial area,,press_reported,2026-09-13,1800000.0,"5% down payment, up to 12 years","80 feddans converted to acres (x1.038); apartments from 74 sqm; launched Sept 8, 2026",S2-054
DEV170-P02,DEV170,Smouha Gate,Alexandria,Smouha,mixed-use,7.4,2026.0,,launched,,,commercial area,,,,,,"Over 30,000 sqm converted to acres (lower bound); residential, hospitality, commercial, administrative and medical; name Smouha Gate from company coverage, press calls it the Smouha project",S2-055
DEV177-P01,DEV177,Wadi Yemm (Ras El Hekma),North Coast,Ras El Hekma,coastal/resort,,2025.0,,launched,,,,,,,,,"First district of Ras El Hekma; launched Oct 2025; 2,109 units sold for AED 5.8bn at launch; EGP 144bn cumulative sales by Aug 2026; new phase April 2026",S2-056|S2-057|S2-058
DEV177-P02,DEV177,Montage Residences Ras El Hekma,North Coast,Ras El Hekma,coastal/resort,,2026.0,,launched,,,,,,,,,"First branded residences at Ras El Hekma, launched April 2026",S2-057
DEV187-P01,DEV187,DO New Cairo,New Cairo,Ring Road near 90th Street,mixed-use,,,,under construction,serviced apartment,,commercial area,,,,,Up to 8 years,"Hotel units, serviced apartments and commercial units; phase 1 sold out; groundbreaking and phase 2 launch April 2026",S2-060
DEV193-P01,DEV193,Prime Nova,New Cairo,"Hadayek El Andalus (Andalus Gardens), Fifth Settlement, plot 124",residential,,,,unknown,apartment,,,,,,,,Mini compound,S2-062
DEV193-P02,DEV193,Plot 152G New Narges,New Cairo,"New Narges, Fifth Settlement",residential,,,,unknown,apartment,,,,,,,,,S2-062
DEV201-P01,DEV201,First West Cairo project (unnamed),,West Cairo,mixed-use,,,,unknown,,,,,,,,,Designed by Raef Fahmy; to be announced,S2-063
DEV215-P01,DEV215,AZAD,New Cairo,Fifth Settlement,residential,55.0,,2020.0,partially delivered,apartment|penthouse,,clubhouse|swimming pools|landscape,,,,,,"1,700 units; deliveries began 2020, 500 units completed",S2-064
DEV215-P02,DEV215,Azad Views,New Cairo,Fifth Settlement,residential,41.5,2021.0,,unknown,apartment|penthouse,,underground parking,,,,,Up to 8 years,40 feddans converted to acres (x1.038); 830 units G+4; completion expected 2025 (Nov 2021 press),S2-065|S2-064
DEV215-P03,DEV215,DIAR II,,,residential,70.0,,2017.0,partially delivered,,,,,,,,,"About 2,300 units; phase 1 delivered by end-2017; last phase planned for 2024",S2-064
DEV215-P04,DEV215,AZ Homes,,,residential,,,,unknown,apartment,,gym,,,,,,"Phase 1: 3 blocks, 6 buildings, 284 units",S2-064
DEV215-P05,DEV215,Urban Business Lane (UBL),New Cairo,Fifth Settlement,administrative,38.3,2025.0,,launched,,,commercial area|landscape,,,,,Up to 7 years,"155,000 sqm converted to acres; 66,000 sqm offices, 16,000 sqm commercial, 60,000 sqm park",S2-066|S2-064
DEV215-P06,DEV215,DIAR I,,,residential,,,2014.0,delivered,,,mosque|commercial area,,,,,,"630 units completed 2014, full occupancy",S2-064
DEV215-P07,DEV215,New Maadi Neighborhood,Cairo,New Maadi,residential,,,,delivered,,,,,,,,,"1,425 residential units delivered (historic)",S2-064
DEV215-P08,DEV215,Masaken Sheraton,Cairo,Heliopolis,residential,,,,delivered,,,,,,,,,650 units developed early 1990s,S2-064
DEV215-P09,DEV215,Azad Walk,New Cairo,Fifth Settlement,mixed-use,,,,unknown,,,commercial area,,,,,,Mixed-use zone within Azad,S2-064
DEV223-P01,DEV223,Uptown 6 October township,6th of October,,mixed-use,3482.0,,,unknown,,,schools|commercial area,,,,,,Township area per company news on infrastructure completion,S2-067
DEV223-P02,DEV223,Uptown Residence,6th of October,Uptown 6 October,residential,,,,unknown,,,,,,,,,,S2-067
DEV223-P03,DEV223,Grand Uptown Mall,6th of October,Uptown 6 October,commercial,,,,under construction,,,commercial area,,,,,,"Retail, entertainment, hospitality and offices; construction start announced on company news",S2-067
DEV230-P01,DEV230,Lora,Badr City,,residential,8.6,2024.0,,launched,apartment,,commercial area|swimming pools|underground parking|security gates,,,,,Up to 10 years,"35,000 sqm converted to acres; 450 units 65-159 sqm; 6,900 sqm mall plot; projected sales EGP 1.2bn",S2-068|S2-069
DEV230-P02,DEV230,Downtown Badr (Zaeem DownTown Mall),Badr City,,commercial,15.6,,,unknown,,,commercial area|underground parking,,,,,,"15 feddans converted to acres (x1.038); press says delivered notable project; website lists clinics, bank complex and admin units for sale",S2-068|S2-069
DEV230-P03,DEV230,Mall Misr,Badr City,,commercial,,,,unknown,,,commercial area|kids area,,,,,,,S2-069
DEV230-P04,DEV230,Park Land Avenue,Badr City,,residential,,,,unknown,,,lagoon|commercial area|clubhouse,,,,,,First compound project in Badr City,S2-069
DEV230-P05,DEV230,Palm Gardens,Badr City,,residential,,,,unknown,,,swimming pools|commercial area,,,,,,,S2-069
DEV230-P06,DEV230,Lora Eastfield,Shorouk City,,mixed-use,,,,launched,,,,,,,,,Launch known from press-release title only,S2-070
DEV230-P07,DEV230,Jasmin Inn,Badr City,,commercial,,,,unknown,,,swimming pools|gym,,,,,,Hotel,S2-069
DEV243-P01,DEV243,Track RAD,New Administrative Capital,R3,commercial,,,,unknown,,,,,,,,,Weak source only,S2-071
DEV243-P02,DEV243,Defaf,New Administrative Capital,R8,residential,,,,unknown,,,,,,,,,Weak source only,S2-071
DEV262-P01,DEV262,Podia Tower,New Administrative Capital,Downtown,mixed-use,,,,unknown,,,commercial area,,,,,,"110 m tower; 19,782 m2 building; 900+ units (retail, administrative, medical)",S2-072
DEV262-P02,DEV262,Begonia Residence,New Cairo,,residential,,,,unknown,,,landscape,,,,,,,S2-072
DEV262-P03,DEV262,Begonia Walk,New Cairo,,commercial,13.1,,,unknown,,,commercial area,,,,,,"53,000 sqm converted to acres",S2-072
DEV262-P04,DEV262,Valory,New Cairo,,commercial,1.7,,,unknown,,,commercial area,,,,,,"6,750 sqm land converted to acres; 6 floors; retail, offices, clinics",S2-072
DEV262-P05,DEV262,Eclipse,New Cairo,,commercial,,,,unknown,,,commercial area,,,,,,"4,360 sqm total space; 5 floors; retail and medical units",S2-072
DEV262-P06,DEV262,AXLE,New Cairo,,commercial,,,,unknown,,,,,,,,,Listed on website,S2-072
DEV273-P01,DEV273,Entrada,New Administrative Capital,,residential,74.3,,,unknown,apartment,,hospital|gym|landscape|commercial area,,,,,,"300,522 sqm converted to acres (page also says 72 acres); units 115-268 sqm; strip mall",S2-073
DEV273-P02,DEV273,Entrada Avenue,New Administrative Capital,,mixed-use,,,,unknown,,,commercial area|gym,,,,,,"29,000 sqm BUA across four plazas; offices, clinics, dining",S2-073
DEV273-P03,DEV273,Rosevil,New Administrative Capital,,residential,,,,unknown,standalone villa,,swimming pools|gym,,,,,,Villas,S2-073
DEV003-P01,DEV003,Hyde Park New Cairo,New Cairo,Fifth Settlement,mixed-use,1221.7,,,partially delivered,apartment|standalone villa,,landscape|commercial area|sports courts|clubhouse,,,,,,"1,177 feddans converted at 1 feddan = 1.038 acres (NBE article); other press says 6 million sqm; about 20,000 units in 8 phases, final phase due 2030; phases include Garden Ville, Peaks Ville, Garden Residences (Phase 22); 600,000 sqm park and HydeOut entertainment district; Ryze Club",S3-006|S3-008|S3-009|S3-011|S3-007
DEV003-P02,DEV003,Tawny,6th of October,West Cairo,residential,32.2,,,unknown,standalone villa|townhouse,,,,,,,,31 feddans converted at 1.038 acres per feddan; about 200 to 214 villas; completion targeted end of 2024 per Sept 2023 press,S3-006|S3-009|S3-011|S3-001
DEV003-P03,DEV003,Garden Lakes,6th of October,West Cairo,residential,71.6,,,unknown,apartment|duplex|standalone villa,,clubhouse|swimming pools|underground parking,,,,,,69 feddans converted at 1.038 acres per feddan (2022 and 2024 press); a 2023 article says 82 feddans; units from 104 sqm; co-working spaces,S3-001|S3-009|S3-011|S3-006
DEV003-P04,DEV003,Seashore (Hyde Park North),North Coast,Ras El Hekma,coastal/resort,249.1,,,under construction,chalet|serviced apartment,,commercial area,,,,,,"240 feddans converted at 1.038 acres per feddan (a 2023 article says 500 feddans with 1,800 units); KM 214; residential and hotel units plus leased commercial; first phase of 86 units planned for 2024; Shore Residence phase launched 2026",S3-001|S3-006|S3-010|S3-011|S3-007
DEV003-P05,DEV003,Hyde Park Central,New Cairo,Sixth Settlement,residential,,,,launched,,,,,,,,,Water Residences phase launched 2026,S3-001|S3-007
DEV003-P06,DEV003,Hyde Park Views,New Cairo,East Cairo,residential,,,,launched,,,,,,,,,,S3-007
DEV003-P07,DEV003,Hyde Park Terraces,New Cairo,East Cairo,residential,,2026.0,,launched,,,,,,,,,,S3-007
DEV003-P08,DEV003,Hyde Park Signature,6th of October,West Cairo,residential,,,,launched,,,,,,,,,,S3-007
DEV003-P09,DEV003,One Hyde Park,New Cairo,Fifth Settlement,residential,249.1,2026.0,,launched,standalone villa|twin house|townhouse|duplex|apartment,,schools|lagoon|landscape,,,,,,"240 feddans converted at 1.038 acres per feddan; about 8,500 homes of 75 to 377 sqm; two international schools, six towers, main lake; launched Sept 2026",S3-007
DEV009-P01,DEV009,Madinaty,New Cairo,Madinaty,mixed-use,8304.0,,,partially delivered,apartment|standalone villa,,clubhouse|schools|hospital|mosque|commercial area|golf course|security gates|sports courts,,,,,,"8,000 feddans converted at 1.038 acres per feddan; 120,000 housing units for 700,000 residents; deliveries continued in FY2025 per IR",S3-012|S3-018|S3-013
DEV009-P02,DEV009,Al Rehab,New Cairo,Al Rehab City,mixed-use,2471.1,,,partially delivered,,,commercial area|sports courts|clubhouse,,,,,,"over 10 million sqm converted at 4,046.86 sqm per acre; 10 phases; deliveries continued in FY2025 per IR; Rehab Sporting Club 110 feddans; Gateway Mall",S3-012|S3-016|S3-013
DEV009-P03,DEV009,"Eden, Al Rehab City",New Cairo,Al Rehab City,residential,,,,unknown,,,,,,,,,phase within Al Rehab,S3-012
DEV009-P04,DEV009,Celia,New Administrative Capital,Green River,residential,519.0,,,partially delivered,,,,,,,,,500 feddans converted at 1.038 acres per feddan; deliveries in FY2025 per IR,S3-012|S3-013
DEV009-P05,DEV009,Noor Smart City - Capital Gardens,New Cairo,East Cairo near New Administrative Capital,mixed-use,5190.0,,,under construction,apartment|standalone villa|twin house|townhouse,,schools|hospital|mosque|commercial area|sports courts|clubhouse,,,,,,"5,000 feddans converted at 1.038 acres per feddan; 120,000 housing units; apartments 63-223 sqm, villas 195-424 sqm; deliveries expected to start 2H/3Q 2026 per FY2025 IR; 10 schools, 15-feddan medical complex, 90+ feddan club",S3-012|S3-017|S3-013
DEV009-P06,DEV009,Privado,New Cairo,Madinaty,residential,286.5,,,unknown,,,,,,,,,276 feddans converted at 1.038 acres per feddan; sporting club planned per FY2025 IR,S3-012|S3-013
DEV009-P07,DEV009,The Spine,New Cairo,Madinaty,mixed-use,,,,launched,,,,,,,,,downtown mixed-use centre in Madinaty; launch planned 1H 2026; joint venture with National Bank of Egypt holding 24.5%,S3-012|S3-013|S3-014
DEV009-P08,DEV009,Four Seasons Private Residences Madinaty,New Cairo,Madinaty,residential,88.2,,,under construction,,,,,,,,,branded residences; 85 feddans of parkland converted at 1.038 acres per feddan; Four Seasons Madinaty hotel under construction,S3-012|S3-014
DEV009-P09,DEV009,Al Rabwa,Sheikh Zayed,Sheikh Zayed,residential,524.2,,,unknown,standalone villa,,clubhouse,,,,,,505 feddans converted at 1.038 acres per feddan; 970 villas,S3-012|S3-015
DEV009-P10,DEV009,May Fair,Al Shorouk,Al Shorouk City,residential,148.3,,,unknown,standalone villa,,clubhouse,,,,,,"600,000 sqm converted at 4,046.86 sqm per acre; 234 villas",S3-012|S3-015
DEV009-P11,DEV009,The Lake Villas,,,residential,,,,unknown,standalone villa,,,,,,,,"listed on developer site, location not given",S3-012
DEV009-P12,DEV009,SouthMed,North Coast,KM 165 Alexandria-Matrouh Road,coastal/resort,5683.5,,,launched,,,,,,,,,"23 million sqm converted at 4,046.86 sqm per acre; launched July 2024; asset-light model with c.8% development fee; over 20,000 units sold by Sept 2025",S3-012|S3-014|S3-013
DEV009-P13,DEV009,Virginia Beach,North Coast,84 km from Alexandria,coastal/resort,72.7,,,unknown,,,,,,,,,70 feddans converted at 1.038 acres per feddan; 450 m beachfront,S3-012|S3-015
DEV009-P14,DEV009,El Radwa El Khadraa,Alexandria,El Agamy,residential,,,,unknown,,,,,,,,,named on Wikipedia only,S3-015
DEV009-P15,DEV009,Sharm Bay,Sharm El Sheikh,Sharm El Sheikh,coastal/resort,494.2,2025.0,,launched,,,commercial area,,,,,,"2 million sqm per 9M 2025 IR (developer site says 1.2 million sqm) converted at 4,046.86 sqm per acre; about 3,000 residential units plus marina; launched December 2025; FY2025 sales EGP 11.0bn",S3-012|S3-014|S3-013
DEV009-P16,DEV009,Four Seasons Private Residences Sharm El Sheikh,Sharm El Sheikh,Sharm El Sheikh,coastal/resort,,,,unknown,standalone villa,,,,,,,,69 villas,S3-012
DEV009-P17,DEV009,Grand Egyptian Museum touristic complex,Giza,near Grand Egyptian Museum,mixed-use,,,,under construction,,,,,,,,,495-key hotel plus real estate; total investment USD 788 million; announced Nov 2025,S3-014
DEV009-P18,DEV009,Banan,Riyadh (Saudi Arabia),,mixed-use,2471.1,,,launched,,,,,,,,,"outside Egypt; 10 million sqm converted at 4,046.86 sqm per acre",S3-012|S3-014
DEV009-P19,DEV009,Jood,Muscat (Oman),Sultan Haitham City,residential,,,,launched,,,,,,,,,outside Egypt; Jood and Yamal together about 5 million sqm; launched late 2025,S3-012|S3-014|S3-019
DEV009-P20,DEV009,Yamal,Muscat (Oman),Al Seeb,coastal/resort,,,,launched,,,,,,,,,outside Egypt; launched late 2025,S3-012|S3-019
DEV015-P01,DEV015,Lush Valley,New Cairo,,residential,,,,unknown,apartment|duplex,,clubhouse|swimming pools|gym|kids area,,,,,,"duplexes 196-307 sqm, lofts, mansions and apartments; bike and jogging tracks",S3-020|S3-023|S3-021
DEV015-P02,DEV015,V40 District,New Cairo,,mixed-use,20.8,,,unknown,,,,,,,,,20 feddans converted at 1.038 acres per feddan,S3-020|S3-023|S3-021
DEV015-P03,DEV015,V40,New Cairo,,mixed-use,41.5,,,unknown,standalone villa,,,,,,,,40 feddans converted at 1.038 acres per feddan; standalone villas and mixed-use spaces,S3-020|S3-023
DEV015-P04,DEV015,Etapa,Sheikh Zayed,,residential,,2018.0,,unknown,,,,,,,,,493 units; EGP 2bn investment; 86% green and open space; launched Q1 2018,S3-020|S3-022|S3-021
DEV015-P05,DEV015,Etapa Square,Sheikh Zayed,,commercial,,,,unknown,,,,,,,,,mall,S3-020|S3-021
DEV015-P06,DEV015,Riseville,New Administrative Capital,,residential,,,,unknown,,,,,,,,,listed on developer site,S3-020
DEV015-P07,DEV015,Mamsha Central,New Administrative Capital,,mixed-use,,,,unknown,,,,,,,,,category inferred from name only; listed on developer site,S3-020
DEV015-P08,DEV015,Mamsha Vista,New Administrative Capital,,residential,,,,unknown,,,,,,,,,listed on developer site,S3-020
DEV015-P09,DEV015,Jade Park,New Administrative Capital,,residential,,,,unknown,,,,,,,,,listed on developer site,S3-020
DEV015-P10,DEV015,Mamsha AlMaqsad,New Administrative Capital,,residential,,,,unknown,,,,,,,,,listed on developer site,S3-020
DEV015-P11,DEV015,Mamsha Avenue,New Administrative Capital,,mixed-use,,,,unknown,,,,,,,,,category inferred from name only; listed on developer site,S3-020
DEV015-P12,DEV015,Verandas,New Administrative Capital,,residential,,,,unknown,,,,,,,,,listed on developer site,S3-020
DEV015-P13,DEV015,Centria,New Administrative Capital,,mixed-use,,,,unknown,,,,,,,,,category inferred from name only; listed on developer site,S3-020
DEV015-P14,DEV015,Garden City Heights,New Administrative Capital,,residential,,,,unknown,,,,,,,,,listed on developer site,S3-020
DEV015-P15,DEV015,AlMaqsad Park,New Administrative Capital,,residential,,,,unknown,,,,,,,,,listed on developer site,S3-020
DEV015-P16,DEV015,Mamsha Gardens,New Administrative Capital,,residential,,,,unknown,,,,,,,,,listed on developer site,S3-020
DEV015-P17,DEV015,Mamsha District,New Administrative Capital,,mixed-use,,,,unknown,,,,,,,,,category inferred from name only; listed on developer site,S3-020
DEV015-P18,DEV015,Mamsha Views,New Administrative Capital,,residential,,,,unknown,,,,,,,,,listed on developer site,S3-020
DEV015-P19,DEV015,Arjan,New Administrative Capital,,residential,,,,unknown,,,,,,,,,listed on developer site,S3-020
DEV015-P20,DEV015,AlMaqsad Residences,New Administrative Capital,,residential,,,,unknown,,,,,,,,,listed on developer site,S3-020
DEV015-P21,DEV015,AlMaqsad Villas,New Administrative Capital,,residential,,,,unknown,,,,,,,,,listed on developer site,S3-020
DEV015-P22,DEV015,Maspero Metropolis,Cairo,Maspero Triangle,residential,,,,unknown,,,,,,,,,listed on developer site,S3-020
DEV015-P23,DEV015,Maspero Mall,Cairo,Maspero Triangle,commercial,,,,unknown,,,,,,,,,listed on developer site,S3-020
DEV015-P24,DEV015,Maspero Nile Heights,Cairo,Maspero Triangle,residential,,,,unknown,,,,,,,,,listed on developer site,S3-020
DEV015-P25,DEV015,Maspero Business Towers,Cairo,Maspero Triangle,administrative,,,,unknown,,,,,,,,,listed on developer site,S3-020
DEV015-P26,DEV015,Mazarine Hub,New Alamein,,commercial,,,,unknown,,,,,,,,,listed on developer site,S3-020
DEV015-P27,DEV015,Mazarine Boulevard,New Alamein,,commercial,,,,unknown,,,,,,,,,listed on developer site,S3-020
DEV015-P28,DEV015,Latin City,New Alamein,,coastal/resort,,,,unknown,,,,,,,,,listed on developer site,S3-020
DEV015-P29,DEV015,Mazarine Townhouses,New Alamein,,coastal/resort,,,,unknown,,,,,,,,,listed on developer site,S3-020
DEV015-P30,DEV015,Beachfront Towers,New Alamein,,coastal/resort,,,,unknown,,,,,,,,,listed on developer site,S3-020
DEV015-P31,DEV015,Mazarine Ria Chalets,New Alamein,,coastal/resort,,,,unknown,,,,,,,,,listed on developer site,S3-020
DEV015-P32,DEV015,Downtown Commercial,New Alamein,,commercial,,,,unknown,,,,,,,,,listed on developer site,S3-020
DEV015-P33,DEV015,North Square Mall,New Alamein,,commercial,,,,unknown,,,,,,,,,listed on developer site,S3-020
DEV015-P34,DEV015,North Edge Cabanas,New Alamein,,coastal/resort,,,,unknown,,,,,,,,,listed on developer site,S3-020
DEV015-P35,DEV015,Mazarine Apartments,New Alamein,,coastal/resort,,,,unknown,,,,,,,,,listed on developer site,S3-020
DEV015-P36,DEV015,Mazarine Ria Villas,New Alamein,,coastal/resort,,,,unknown,,,,,,,,,listed on developer site,S3-020
DEV015-P37,DEV015,Mazarine Islands,New Alamein,,coastal/resort,,,,unknown,,,,,,,,,listed on developer site,S3-020
DEV015-P38,DEV015,Mazarine Villas,New Alamein,,coastal/resort,,,,unknown,,,,,,,,,listed on developer site,S3-020
DEV015-P39,DEV015,Mazarine The Chalets,New Alamein,,coastal/resort,,,,unknown,,,,,,,,,listed on developer site,S3-020
DEV015-P40,DEV015,North Edge,New Alamein,,coastal/resort,,,,unknown,,,,,,,,,listed on developer site,S3-020
DEV015-P41,DEV015,Downtown,New Alamein,,coastal/resort,,,,unknown,,,,,,,,,listed on developer site,S3-020
DEV015-P42,DEV015,The Gate Towers,New Alamein,,coastal/resort,,,,unknown,,,,,,,,,listed on developer site,S3-020
DEV015-P43,DEV015,Marjan,New Mansoura,,residential,,,,unknown,,,,,,,,,listed on developer site,S3-020
DEV015-P44,DEV015,Areej,New Mansoura,,residential,,,,unknown,,,,,,,,,listed on developer site,S3-020
DEV015-P45,DEV015,Misque,New Mansoura,,residential,,,,unknown,,,,,,,,,listed on developer site,S3-020
DEV015-P46,DEV015,Zahya,New Mansoura,,residential,,,,unknown,,,,,,,,,listed on developer site,S3-020
DEV021-P01,DEV021,Arabella Compound,New Cairo,,residential,,,,unknown,apartment|standalone villa,,,,,,,,flagship residential community with apartments and villas,S3-024|S3-025
DEV021-P02,DEV021,Arabella Plaza,New Cairo,,commercial,,,,unknown,,,,,,,,,commercial and administrative complex,S3-024|S3-025
DEV021-P03,DEV021,Ena Walks,New Cairo,,commercial,,,,unknown,,,,,,,,,"retail, dining and entertainment",S3-024|S3-025
DEV021-P04,DEV021,Ark (Edge and Cliff),,,residential,,,,unknown,apartment|standalone villa,,,,,,,,apartments and villas; location not stated in fetched sources,S3-024|S3-025
DEV021-P05,DEV021,Country Club,,,commercial,,,,unknown,,,swimming pools|sports courts|gym,,,,,,"recreational facility with pools, tennis courts, fitness centre; category approximated",S3-024|S3-025
DEV021-P06,DEV021,Direction White,North Coast,,coastal/resort,,,,unknown,standalone villa|chalet|apartment,,,,,,,,"beachfront villas, chalets and apartments",S3-024|S3-025|S3-026
DEV027-P01,DEV027,Creek Town,New Cairo,Suez Road,mixed-use,,,,partially delivered,,,,,,,,,"96% construction complete in Feb 2024 with 80% of residential units sold; commercial part launch planned Q4 2024; delivery start reported early 2025 by a non-listed trade site, not used",S3-027|S3-028
DEV027-P02,DEV027,Go Heliopolis,Cairo,Heliopolis,residential,,,,unknown,,,,,,,,,"about 1,000 units; 90% construction complete in Feb 2024 with delivery expected 2024",S3-027|S3-028
DEV027-P03,DEV027,Creek District,New Cairo,,mixed-use,,,,unknown,,,,,,,,,listed on developer site; category not stated,S3-027
DEV027-P04,DEV027,The Crest,New Cairo,,residential,164.0,2024.0,2027.0,under construction,apartment|standalone villa|townhouse,,,,,,,,"158 feddans converted at 1.038 acres per feddan; 3,000 units from 85 sqm apartments to 400 sqm villas; EGP 60bn investment; construction from summer 2024, delivery from end 2027",S3-027|S3-028
DEV027-P05,DEV027,Park Sight,New Administrative Capital,,residential,,,,unknown,,,,,,,,,listed on developer site,S3-027
DEV027-P06,DEV027,VEA,New Cairo,Sixth Settlement,residential,,,,unknown,,,,,,,,,listed on developer site,S3-027
DEV027-P07,DEV027,The C,North Coast,Ras El Hekma,coastal/resort,,,,unknown,,,,,,,,,listed on developer site; possibly the 120-feddan Ras El Hekma plot announced March 2025 (not confirmed),S3-027|S3-030
DEV027-P08,DEV027,Westdays,Sheikh Zayed,West Cairo,residential,,,,unknown,,,,,,,,,listed on developer site as West Cairo; possibly the 80-feddan Sheikh Zayed plot announced March 2025 (not confirmed),S3-027|S3-030
DEV027-P09,DEV027,Glen,New Cairo,,residential,,,,unknown,,,,,,,,,listed on developer site,S3-027
DEV027-P10,DEV027,Stoda,Cairo,Sheraton,residential,,,,unknown,,,,,,,,,listed on developer site,S3-027
DEV027-P11,DEV027,Safia,North Coast,Ras El Hekma KM 186,coastal/resort,180.0,2024.0,,under construction,apartment|serviced apartment,,,,,,,,180 acres as reported; EGP 30bn investment; completion expected 2029; launched 2024,S3-027|S3-029
DEV033-P01,DEV033,Stone Park,New Cairo,"Katameya, Ring Road",mixed-use,494.2,,,unknown,apartment|standalone villa|townhouse,,commercial area|landscape,,,,,,"about 2 million sqm converted at 4,046.86 sqm per acre; apartments, villas, townhouses with retail and recreation",S3-031|S3-032
DEV033-P02,DEV033,The Hills at Stone Park,New Cairo,Katameya,residential,,,,unknown,standalone villa|townhouse,,,,,,,,villas and townhouses on elevated land within Stone Park,S3-031
DEV033-P03,DEV033,Telal East,New Cairo,,residential,,,,unknown,standalone villa|townhouse|apartment,,sports courts|landscape,,,,,,"villas, townhouses, apartments; jogging trails and sports facilities",S3-031
DEV033-P04,DEV033,The Big Business District,New Cairo,,commercial,,,,unknown,,,,,,,,,"described as upcoming; offices, retail, dining, conference facilities",S3-031
DEV033-P05,DEV033,Telal El Sokhna,Ain Sokhna,Red Sea coast,coastal/resort,,,,partially delivered,chalet|standalone villa|townhouse,,swimming pools|sports courts,,,,,,"6 km along the Red Sea coast; about 1,000 units completed in a new phase in 2023",S3-031|S3-032
DEV033-P06,DEV033,Telal North Coast (Telal Sidi Abdel Rahman),North Coast,Sidi Abdel Rahman,coastal/resort,,,,delivered,chalet|standalone villa,,swimming pools,,,,,,"final phase delivered 1,200 units in 2023; delivery status of whole project inferred from 'final phase delivered'",S3-031|S3-032
DEV033-P07,DEV033,Marsa Alam land,Marsa Alam,,coastal/resort,494.2,,,unknown,,,,,,,,,"land portfolio exceeding 2 million sqm, no project announced; converted at 4,046.86 sqm per acre",S3-032
DEV039-P01,DEV039,Saada New Cairo,New Cairo,Suez Road,mixed-use,384.1,2023.0,,under construction,standalone villa|serviced apartment,,schools|clubhouse|commercial area,,,,,,"370 feddans converted at 1.038 acres per feddan; 1,300 villas, 250 serviced units, 2 five-star hotels; EGP 36bn investment; first phase 282 villas; completion in 4 to 5 years from Sept 2023",S3-033|S3-034
DEV039-P02,DEV039,Saada North Coast (Saada Sahel),North Coast,,coastal/resort,,,,unknown,,,,,,,,,,S3-034|S3-035
DEV039-P03,DEV039,Saada Boutique,,,residential,,,,unknown,,,,,,,,,location not stated in fetched sources,S3-034
DEV045-P01,DEV045,Karma 1,,West Cairo,residential,,,,delivered,,,,,,,,,flagship; developer site says West Cairo,S3-036
DEV045-P02,DEV045,AlKarma 2,,West Cairo,residential,,,,delivered,,,,,,,,,boutique compound; developer site says West Cairo,S3-036
DEV045-P03,DEV045,AlKarma Heights,,West Cairo,residential,,,,delivered,,,,,,,,,boutique compound; developer site says West Cairo,S3-036
DEV045-P04,DEV045,AlKarma Residence,,West Cairo,residential,,,,delivered,,,,,,,,,boutique compound; developer site says West Cairo,S3-036
DEV045-P05,DEV045,Mazar Mall,,West Cairo,commercial,,,,delivered,,,,,,,,,retail; developer site says West Cairo,S3-036
DEV045-P06,DEV045,AlKarma Kay,Sheikh Zayed,,residential,,,,under construction,,,,,,,,,,S3-036
DEV045-P07,DEV045,AlKarma Gates,Sheikh Zayed,,residential,,,,partially delivered,,,,,,,,,,S3-036
DEV045-P08,DEV045,Novella,New Zayed,,residential,,,,under construction,,,,,,,,,,S3-036
DEV045-P09,DEV045,Vaha,New Zayed,,residential,,,,under construction,,,,,,,,,,S3-036
DEV045-P10,DEV045,LaManga,Sphinx City,,residential,,,,under construction,,,,,,,,,,S3-036
DEV051-P01,DEV051,Mall of Arabia Cairo,6th of October,border of Sheikh Zayed,commercial,,2010.0,,delivered,,,,,,,,,"opened 2010; later expansion overseen by Marakez; Egyptian residential projects are developed by subsidiary Marakez, profiled separately as DEV016",S3-037|S3-038
DEV057-P01,DEV057,Jirian City,Sheikh Zayed,West Cairo (New Delta),mixed-use,,,,unknown,,,,,,,,,"developer site lists it; area reported only by weak or unfetched sources, left blank; partners reported in search snippets not verified",S3-040|S3-041
DEV057-P02,DEV057,Jirian Nile Islands,Sheikh Zayed,Jirian,residential,,,,unknown,standalone villa,,,,,,,,Nile Islands Signature Villas with private boat docks (weak source),S3-040|S3-041
DEV057-P03,DEV057,Zomra East,New Cairo,,residential,,,,unknown,apartment|townhouse|standalone villa,,,,,,,,"apartments, townhouses and villas (weak source)",S3-040|S3-041
DEV057-P04,DEV057,West Cairo (coming soon),,West Cairo,residential,,,,unknown,,,,,,,,,listed as coming soon,S3-040
DEV057-P05,DEV057,SkyRidge Executives,,,administrative,,,,partially delivered,,,,,,,,,non-residential; multiple phases completed per developer site as of June 2026,S3-040
DEV057-P06,DEV057,Perla,,,coastal/resort,,,,unknown,,,,,,,,,coastal; location not given,S3-040
DEV057-P07,DEV057,ISLA East Coast,,East Coast,coastal/resort,,,,unknown,,,,,,,,,coastal,S3-040
DEV057-P08,DEV057,ORB,,,coastal/resort,,,,unknown,,,,,,,,,coastal; location not given,S3-040
DEV063-P01,DEV063,Lakewest,6th of October,Waslet Dahshur Road,residential,44.7,,,unknown,,,,,,,,,"181,000 sqm converted at 4,046.86 sqm per acre",S3-042
DEV063-P02,DEV063,Lakewest Extension,6th of October,Waslet Dahshur Road,residential,44.7,,,unknown,,,,,,,,,"181,000 sqm converted at 4,046.86 sqm per acre",S3-042
DEV063-P03,DEV063,Lakewest 2,Sheikh Zayed,Sheikh Zayed Road,residential,15.6,,,unknown,,,,,,,,,"63,000 sqm converted at 4,046.86 sqm per acre",S3-042
DEV069-P01,DEV069,Valore El-Thawra,Cairo,"Heliopolis, El-Thawra Street",mixed-use,7.1,2022.0,,under construction,serviced apartment,,,,,,,,"28,800 sqm converted at 4,046.86 sqm per acre; 622 units (255 hotel units, 189 offices, 178 shops); first phase 421 units incl. 185 branded residences; 30% built at Dec 2022 launch; delivery within three years; retail branded M STREET Heliopolis",S3-043
DEV075-P01,DEV075,Belva,Sheikh Zayed,"near Beverly Hills, Cairo-Alexandria Desert Road",residential,18.5,,,under construction,studio|apartment|duplex|penthouse,,gym|sports courts|commercial area|landscape,,,,,reservation from 1%; up to 10 years,"21 buildings G+5; apartments 86-200 sqm, duplexes 267 sqm, penthouses; 80% landscape; master plan by Raef Fahmy",S3-045|S3-046
DEV075-P02,DEV075,Vitali Mall,New Cairo,,commercial,,,,delivered,,,,,,,,,operational,S3-045
DEV081-P01,DEV081,Red Hills,Hurghada,Sahl Hasheesh,coastal/resort,8.8,,,under construction,studio|apartment,,swimming pools|gym|sports courts,,advertised_starting,2026-09-22,5500000.0,5% down payment; 6-year instalments,"35,500 sqm converted at 4,046.86 sqm per acre; 280 units, G+3; delivery in 3 years; heated pool, sky padel court, spa, boutique hotel",S3-047
DEV087-P01,DEV087,The Address Mega Mall,6th of October,Hadayek October,commercial,,,,delivered,,,,,,,,,100% construction in 2023 per developer; delivery status inferred from construction completion,S3-048
DEV087-P02,DEV087,Shadows Business Park,6th of October,,administrative,,,,under construction,,,,,,,,,45% construction in 2024,S3-048
DEV087-P03,DEV087,Jiran Residence,,West Cairo,residential,,,,under construction,,,,,,,,,excavation permit obtained 2025,S3-048
DEV087-P04,DEV087,Connect 4 Plaza,,,commercial,,,,under construction,,,,,,,,,land levelling complete 2025; category inferred from name,S3-048
DEV087-P05,DEV087,STAY'N,,,residential,,,,unknown,,,,,,,,,listed in portfolio only; category unknown,S3-048
DEV093-P01,DEV093,Carnelia,Ain Sokhna,Galala City,coastal/resort,103.8,,2026.0,under construction,standalone villa|twin house|townhouse|chalet,fully finished,swimming pools|clubhouse|lagoon|commercial area|landscape,,,,,,"100 feddans converted at 1.038 acres per feddan; about 1,800 units of 55-265 sqm; about 90% of phase one built by May 2026 with phase one and two deliveries expected Q4 2026; phase four with Manara Developments (389 units); total investment about EGP 30bn",S3-049|S3-050|S3-051|S3-052
DEV093-P02,DEV093,Eastville,New Cairo,Fifth Settlement,residential,20.8,2024.0,2028.0,launched,,,lagoon,,,,,,20 feddans converted at 1.038 acres per feddan; units 190-290 sqm among lakes; EGP 5bn investment; deliveries from 2028,S3-051
DEV101-P01,DEV101,Rivan,New Administrative Capital,R7,residential,17.6,2020.0,,unknown,serviced apartment,,,,,,,up to 10 years,"17 feddans (71,000 sqm) converted at 1.038 acres per feddan; 700+ serviced apartments of 77-500 sqm in 15 buildings; EGP 3bn investment; over 30% built in March 2021 with two-year delivery target",S3-053|S3-054
DEV101-P02,DEV101,Rivan Square,New Administrative Capital,"R7, Champs Elysees Walk",commercial,3.8,2020.0,,unknown,,,,,,,,,"15,500 sqm converted at 4,046.86 sqm per acre; admin, medical and retail units from 50 sqm; water museum; EGP 1bn; completion targeted 2023",S3-055|S3-054
DEV101-P03,DEV101,Rivan Tower,New Administrative Capital,Downtown,mixed-use,,2021.0,,unknown,serviced apartment,,,,,,,,"EGP 1bn; commercial, administrative and serviced apartments; construction start Q3 2021",S3-054
DEV111-P01,DEV111,Eden Park,6th of October,"Green Belt, near Dahshur Link",residential,5.2,2025.0,,under construction,standalone villa,,,,,,,0% down payment; up to 10 years,"21,000 sqm converted at 4,046.86 sqm per acre; villas only; delivery within three years; company focused on accelerating construction in 2026",S3-056|S3-057
DEV118-P01,DEV118,The Curve,New Administrative Capital,R8,mixed-use,,2019.0,,unknown,apartment,,commercial area|landscape,,,,,,units 90-300 sqm plus commercial mall and administrative building; 18% built-up; delivery targeted mid-2023 per Dec 2019 press,S3-058
DEV118-P02,DEV118,RED,Mostakbal City,Phase Three,residential,,,,under construction,townhouse|standalone villa|duplex|apartment,,swimming pools|gym|clubhouse|landscape,,press_reported,2026-09-22,14500000.0,10% down payment; up to 7 years,"water villas and floating gardens; townhouses and villas 170-424 sqm, duplexes up to 294 sqm, apartments 69-295 sqm; developer site shows 80% progress; government blog lists start price EGP 14.5m for 190 sqm and 10% down over 7 years (blog date not shown)",S3-059|S3-060
DEV127-P01,DEV127,Rock Eden,6th of October,,residential,,,,delivered,,,,,,,,,listed among delivered projects in June 2024 press; now under Rock Developments brand (DEV200 in master list),S3-061|S3-062
DEV127-P02,DEV127,Rock Ville,Obour,,residential,,,,delivered,,,,,,,,,listed among delivered projects in June 2024 press; now under Rock Developments brand (DEV200 in master list),S3-061|S3-062
DEV127-P03,DEV127,Rock Vera,New Cairo,,residential,,,,delivered,,,,,,,,,Fifth Settlement; listed among delivered projects in June 2024 press; now under Rock Developments brand (DEV200 in master list),S3-061|S3-062
DEV127-P04,DEV127,Rock Capital 1,New Administrative Capital,,residential,,,,unknown,,,,,,,,,now under Rock Developments brand (DEV200 in master list),S3-061|S3-062
DEV127-P05,DEV127,Rock Gold,New Cairo,,commercial,,,,unknown,,,,,,,,,gold and beauty mall in Fifth Settlement; now under Rock Developments brand (DEV200 in master list),S3-061|S3-062
DEV127-P06,DEV127,Rock Yard,Cairo,,residential,,,,unknown,,,,,,,,,Sheraton; now under Rock Developments brand (DEV200 in master list),S3-061|S3-062
DEV127-P07,DEV127,Rock White,New Heliopolis,,residential,,,,unknown,,,,,,,,,now under Rock Developments brand (DEV200 in master list),S3-061|S3-062
DEV127-P08,DEV127,Rock Residence,New Administrative Capital,,mixed-use,,,,unknown,,,,,,,,,"Al-Amal Axis; residential, hotel, commercial; now under Rock Developments brand (DEV200 in master list)",S3-061|S3-062
DEV134-P01,DEV134,Naseem,Sheikh Zayed,Green Revolution,residential,8.8,2025.0,,launched,apartment,,landscape|lagoon,35000.0,press_reported,2025-12-28,,10% down payment; up to 10 years,8.5 feddans converted at 1.038 acres per feddan; 27% footprint; 1 to 4 bedroom apartments; EGP 5bn investment; pre-launch Dec 2025,S3-063
DEV134-P02,DEV134,Mini Compound Ladress,,,residential,,,,delivered,,,,,,,,,listed as previously delivered; location not given,S3-063
DEV134-P03,DEV134,Stip Mall,,,commercial,,,,delivered,,,,,,,,,listed as previously delivered; location not given,S3-063
DEV134-P04,DEV134,Beit Al Watan developments,New Cairo,Beit Al Watan,residential,,,,delivered,,,,,,,,,listed as previously delivered,S3-063
DEV140-P01,DEV140,Korba Heights,New Heliopolis,,residential,10.4,,,partially delivered,apartment,semi-finished,swimming pools|gym|kids area|landscape|underground parking|commercial area|security gates,,,,,,"42,000 sqm converted at 4,046.86 sqm per acre; 2-3 room apartments 107-301 sqm; fourth and final phase; delivery dates Dec 2022 and Sep 2023 per site; 2021 press: phase 2 due 2021, phase 3 due 2022",S3-064|S3-065|S3-066
DEV140-P02,DEV140,Midway,New Heliopolis,,commercial,,,,unknown,,,,,,,,,commercial and medical hub,S3-065
DEV140-P03,DEV140,New Korba,New Heliopolis,,residential,,,,delivered,apartment,,,,,,,,100% complete per April 2021 press,S3-065|S3-066
DEV140-P04,DEV140,Korpenta,New Heliopolis,,residential,,,,unknown,standalone villa,,,,,,,,cluster villas 317-398 sqm,S3-065
DEV140-P05,DEV140,Tevoli,New Heliopolis,,residential,,,,partially delivered,,,,,,,,,previous project; 65% of sold units delivered per April 2021 press (with Korbetna),S3-065|S3-066
DEV140-P06,DEV140,Gold Yard,Cairo,Sheraton Heliopolis,residential,,,,unknown,,,,,,,,,previous project,S3-065
DEV140-P07,DEV140,Sarayat Al Korba,New Heliopolis,,residential,,,,delivered,,,,,,,,,100% complete per April 2021 press,S3-065|S3-066
DEV140-P08,DEV140,Korbenta Resort,New Heliopolis,,residential,,,,unknown,,,,,,,,,previous project,S3-065
DEV146-P01,DEV146,Jura Sokhna,Ain Sokhna,,coastal/resort,10.0,,,delivered,,,,,,,,,10 acres with 200 m beach; shown as operational; Reiki Beach inside Jura inaugurated July 2025,S3-067|S3-068
DEV146-P02,DEV146,Jamila North Coast,North Coast,Sidi Heneish,coastal/resort,,,,under construction,,,,,,,,,EGP 50bn project announced Aug 2024; size and delivery figures appeared only in search snippets and were not used,S3-067|S3-068
DEV146-P03,DEV146,Genesis Tower,Cairo,,mixed-use,,,,delivered,,,,,,,,,shown as operational; category not stated,S3-068
DEV146-P04,DEV146,Green Avenue,New Administrative Capital,,residential,,,,partially delivered,,,,,,,,,phase 3 delivered Aug 2025,S3-068
DEV146-P05,DEV146,Green Icon,Cairo,"Nasr City, 90th Street",commercial,,,,delivered,,,,,,,,,"shown as operational; 1,050 sqm per floor; category not stated",S3-068
DEV146-P06,DEV146,Soul Nasr City,Cairo,"Nasr City, Shinzo Abe Axis",residential,,,,under construction,,,,,,,,,shown as active; category not stated,S3-068
DEV152-P01,DEV152,Rosail City,Mostakbal City,opposite Madinaty,residential,63.3,,2026.0,under construction,standalone villa|twin house|townhouse|apartment,,lagoon|landscape,,press_reported,2026-05-10,14000000.0,up to 10 years,"61 feddans converted at 1.038 acres per feddan; EGP 17bn investment; 4 phases; 87% green and water; Waterside Villas phase (about 20 feddans, 225 villas 200-360 sqm) fully built and sold out, first deliveries Oct 2026, all by end 2027; apartment phase deliveries mid-2028",S3-069|S3-070|S3-071
DEV152-P02,DEV152,Ronza Tower,New Administrative Capital,Downtown,mixed-use,0.6,2021.0,,unknown,serviced apartment,semi-finished|fully finished,,,,,,,"2,617 sqm plot converted at 4,046.86 sqm per acre; 220 admin, commercial and hotel units of 19-80 sqm; EGP 500m; completion due Q4 2024",S3-072|S3-070
DEV152-P03,DEV152,Ryan Tower,New Administrative Capital,,mixed-use,,,,unknown,,,,,,,,,named in July 2024 press,S3-070
DEV152-P04,DEV152,Beit Al Watan projects,New Cairo,Beit Al Watan,residential,,,,partially delivered,,,,,,,,,company has delivered 700+ units in New Cairo projects; construction continuing in Beit Al Watan,S3-069|S3-071
DEV158-P01,DEV158,Lazura New Cairo,New Cairo,,residential,,2026.0,,under construction,apartment,,,,,,,,EGP 8bn+ investment; launched Jan 2026; includes an apartment component listed separately on site,S3-073|S3-074
DEV158-P02,DEV158,Paris Mall,New Damietta,,commercial,,,,under construction,,,,,,,,,,S3-074
DEV158-P03,DEV158,Icona Mall,,,commercial,,,,under construction,,,,,,,,,location not given,S3-074
DEV158-P04,DEV158,Urban Heights Residence,New Damietta,,residential,,,,under construction,,,,,,,,,,S3-074
DEV158-P05,DEV158,Mirdif Mall,,,commercial,,,,under construction,,,,,,,,,location not given,S3-074
DEV165-P01,DEV165,Rowaq,Sheikh Zayed,"Green Revolution, villas area",residential,6.0,2025.0,,launched,standalone villa|serviced apartment,,clubhouse|swimming pools|kids area|mosque|security gates|landscape,,press_reported,2025-09-07,7500000.0,10% down payment; up to 9 years,"6 acres, 25% built-up; villas 141-274 sqm; Golden Tulip to run 4-star hotel, branded residences and community services (May 2026); first residential phase underway",S3-075|S3-076|S3-077
DEV165-P02,DEV165,October projects,6th of October,Ninth District,residential,,,,unknown,,,,,,,,,listed as active on developer site,S3-077
DEV165-P03,DEV165,Alexandria projects,Alexandria,Roushdy and Dream districts,residential,,,,delivered,,,,,,,,,30 projects delivered 1988-2019 per developer site,S3-077
DEV171-P01,DEV171,The City,New Administrative Capital,R7,mixed-use,56.1,,,under construction,,,,,,,,,"54 feddans per Daily News Egypt (government blog says 54 acres), converted at 1.038 acres per feddan; EGP 4.5bn investment; about 65% of construction target reached by Jan 2022",S3-078|S3-079
DEV171-P02,DEV171,City Oval,New Administrative Capital,R8,residential,,,,under construction,,,landscape|lagoon,,,,,,over 70% green and water features,S3-079
DEV181-P01,DEV181,VELN,New Cairo,El Yasmin,commercial,0.9,2025.0,,launched,,,,,,,,,"3,772 sqm converted at 4,046.86 sqm per acre; retail 28-137 sqm, clinics 21-79 sqm, offices 29-79 sqm; EGP 1.6bn investment; handover within four years",S3-080
DEV188-P01,DEV188,Bridges,Sheikh Zayed,26th of July Axis,mixed-use,10.4,2025.0,,launched,,,,,,,,,"10 feddans converted at 1.038 acres per feddan; 200+ retail units, 250 clinics, 600 offices, business hotel; EGP 1.5bn sales in 2.5 months",S3-081|S3-082
DEV188-P02,DEV188,Grounds,New Cairo,Sixth Settlement,mixed-use,51.9,2025.0,,launched,apartment,,clubhouse|mosque|commercial area|sports courts|landscape,,,,,,50 feddans converted at 1.038 acres per feddan; 2-4 bedroom apartments; 80%+ green with 11-feddan central park; master plan by EDSA,S3-081|S3-082
DEV194-P01,DEV194,Pyramids City,New Administrative Capital,,mixed-use,145.3,2021.0,,unknown,,,,,,,,,"140 feddans converted at 1.038 acres per feddan; retail, offices, medical, hospitality; EGP 25bn; launched Dec 2021",S3-083
DEV194-P02,DEV194,Paris East Mall,New Administrative Capital,MU23,commercial,6.7,2019.0,,unknown,,,,,,,,,"27,000 sqm plot converted at 4,046.86 sqm per acre; G+11; EGP 2bn; launched Sept 2019",S3-084
DEV194-P03,DEV194,Paris Mall,New Administrative Capital,,commercial,,,,unknown,,,,,,,,,"EGP 2bn; commercial, administrative and clinic units",S3-084
DEV194-P04,DEV194,La Capitale,New Administrative Capital,,residential,,,,unknown,,,,,,,,,residential compound with integrated mall,S3-084
DEV194-P05,DEV194,Grand Square Mall,New Administrative Capital,,administrative,,,,unknown,,,,,,,,,EGP 750m; administrative and medical; first opening planned before end 2021,S3-084|S3-083
DEV194-P06,DEV194,Champs Elysees Mall,New Administrative Capital,Central Business District,commercial,,,,unknown,,,,,,,,,,S3-084
DEV203-P01,DEV203,Rewaya,Sheikh Zayed,Al Nozha Street,residential,17.6,,,under construction,apartment|duplex|twin house,,,,,,,,"about 17 feddans converted at 1.038 acres per feddan; apartments, duplexes and twin villas; EGP 5bn investment; construction on schedule (Apr 2026)",S3-085|S3-086
DEV203-P02,DEV203,Majarrah Office Park,Sheikh Zayed,,administrative,,,,unknown,,,,,,,,,listed on SIAC Holding development page,S3-085
DEV203-P03,DEV203,Palm Springs Office Building,,Cairo-Alexandria Desert Road,administrative,,,,unknown,,,,,,,,,listed on SIAC Holding development page,S3-085
DEV203-P04,DEV203,October Hills 1 Residence,6th of October,,residential,,,,unknown,,,,,,,,,listed on SIAC Holding development page,S3-085
DEV203-P05,DEV203,October Hills 2 Residence,6th of October,,residential,,,,unknown,,,,,,,,,listed on SIAC Holding development page,S3-085
DEV203-P06,DEV203,Telal Al-Guezira Compound,Sheikh Zayed,,residential,,,,unknown,,,,,,,,,listed on SIAC Holding development page,S3-085
DEV203-P07,DEV203,The Central Office Building,New Administrative Capital,,administrative,,,,unknown,,,,,,,,,listed on SIAC Holding development page,S3-085
DEV203-P08,DEV203,Polaris International Industrial Parks,6th of October,,commercial,,,,unknown,,,,,,,,,industrial park; category approximated,S3-085
DEV203-P09,DEV203,Bosla Industrial Parks,6th of October,,commercial,,,,unknown,,,,,,,,,industrial park; category approximated,S3-085
DEV209-P01,DEV209,RVR,New Cairo,"Fifth Settlement, Gamal Abdel Nasser Axis",commercial,0.5,2025.0,2028.0,under construction,,,,,,,,,"2,000 sqm converted at 4,046.86 sqm per acre; commercial and medical, G+4; excavation began Jan 2025; delivery 2028",S3-087
DEV209-P02,DEV209,VYBE,New Cairo,"South Academy, Fifth Settlement",commercial,0.9,2025.0,2029.0,launched,,,,,,,,10% down payment; up to 8 years,"about 3,500 sqm converted at 4,046.86 sqm per acre; retail, offices, clinics; delivery 2029",S3-088
DEV209-P03,DEV209,Sixth Settlement residential project,New Cairo,Sixth Settlement,residential,,,,unknown,,,,,,,,,planned for 2025 per Feb 2025 press; not confirmed as launched,S3-087
DEV216-P01,DEV216,Tesla Residence,6th of October,near MSA University and Mall of Egypt,residential,27.0,,,unknown,apartment,,swimming pools|gym|sports courts|commercial area|lagoon,,,,,,"109,200 sqm converted at 4,046.86 sqm per acre; 2-4 bedroom apartments 94-186 sqm; over 75% green and water",S3-089|S3-090
DEV216-P02,DEV216,Green City,6th of October,,residential,,,,unknown,,,,,,,,,listed on developer site; category not stated,S3-089
DEV216-P03,DEV216,Green Plaza,6th of October,,residential,,,,unknown,,,,,,,,,listed on developer site; category not stated,S3-089
DEV216-P04,DEV216,Green Town,October Gardens,,residential,,,,unknown,,,,,,,,,listed on developer site; category not stated,S3-089
DEV216-P05,DEV216,Tesla Island,6th of October,,residential,,,,unknown,,,,,,,,,listed on developer site; category not stated,S3-089
DEV216-P06,DEV216,Green Life,Badr City,,residential,,,,unknown,,,,,,,,,listed on developer site; category not stated,S3-089
DEV216-P07,DEV216,Zoya Mall,,,commercial,,,,unknown,,,,,,,,,listed on developer site,S3-089
DEV224-P01,DEV224,Skyramp,Sheikh Zayed,,mixed-use,12.0,,,unknown,serviced apartment,,,,,,,,12 acres; EGP 7bn; 130 serviced units operated by BirdNest under the Commonhaus concept (June 2026),S3-091|S3-092
DEV224-P02,DEV224,CommonHaus,Sheikh Zayed,,residential,,,,unknown,serviced apartment,,,,,,,,featured on site; the June 2026 press describes Commonhaus as the serviced-living concept inside Skyramp,S3-091|S3-092
DEV224-P03,DEV224,It Business Hub,New Cairo,,commercial,,,,unknown,,,,,,,,,,S3-091
DEV224-P04,DEV224,Prk Vie,New Cairo,Golden Square,mixed-use,,,,unknown,,,,,,,,,includes medical building to be operated by Vezeeta,S3-091|S3-093
DEV224-P05,DEV224,Jazebeya,6th of October,,residential,,,,launched,,,,,,,,,EGP 30bn investment per developer site; category not stated,S3-091
DEV224-P06,DEV224,GRANOY,,,,,,,unknown,,,,,,,,,listed on developer site; location and category not given,S3-091
DEV224-P07,DEV224,CINCO,,,,,,,unknown,,,,,,,,,listed on developer site; location and category not given,S3-091
DEV224-P08,DEV224,White Residence,,,residential,,,,unknown,,,,,,,,,listed on developer site; location and category not given,S3-091
DEV224-P09,DEV224,Iguall,,,,,,,unknown,,,,,,,,,listed on developer site; location and category not given,S3-091
DEV231-P01,DEV231,Sector 14 integrated residential project (with Al Safi Properties),Cairo,Zahraa El Maadi,residential,108.3,2026.0,,launched,,,,,,,,,104.33 feddans converted at 1.038 acres per feddan; contractual value EGP 82.028bn; ZMID share 37.1% with guaranteed minimum return EGP 22bn; approved by general meeting Sept 2026,S3-094
DEV231-P02,DEV231,New Heliopolis residential complex (with Leopard Contracting),New Heliopolis,Ninth district,residential,35.3,,,unknown,,,,,,,,,34 feddans converted at 1.038 acres per feddan; estimated sales EGP 3.29bn; land bought Dec 2021,S3-095
DEV247-P01,DEV247,MoQattam Business Complex,Cairo,"Mokattam, Street 9",commercial,,2026.0,,under construction,,,clubhouse,,,,,,"units from 65 sqm; 1,100 sqm hypermarket; rooftop clubhouse; delivery within two years of April 2026",S3-098
DEV263-P01,DEV263,NEST,New Cairo,Sixth Settlement,mixed-use,,,,under construction,,,,,,,,,"built-up area about 80,000 sqm; includes N LINE hotel operated by Rotana; full delivery targeted 2032",S3-099|S3-100
DEV263-P02,DEV263,3 Sides Mall,Al Shorouk,between Springs and Maadi View,commercial,,,,unknown,,,,,,,,,developed with Hassan Allam,S3-100
DEV275-P01,DEV275,NOI Residence,New Cairo,,residential,,,,unknown,,,,,,,,,listed on developer site; size and units reported only by unfetched sources,S3-101
DEV275-P02,DEV275,Levels Business Tower,New Administrative Capital,Downtown,administrative,,,,delivered,,,,,,,,,described as operational,S3-101|S3-102
DEV275-P03,DEV275,Yellow Residence,,,residential,,,,unknown,apartment,,,,,,,,,S3-101|S3-102
DEV275-P04,DEV275,Yellow Lane,,,mixed-use,,,,unknown,,,,,,,,,,S3-101|S3-102
DEV275-P05,DEV275,Eastlane Mall,New Cairo,Fifth Settlement,commercial,,,,unknown,,,,,,,,,about EGP 700m investment; admin units sold out in four hours (government blog calls it Eastland),S3-101|S3-102
DEV275-P06,DEV275,Midlane,,,mixed-use,,,,unknown,,,,,,,,,upcoming,S3-101|S3-102
DEV275-P07,DEV275,Story Branded Residences,,,residential,,,,unknown,serviced apartment,,,,,,,,,S3-101
DEV004-P01,DEV004,Allegria,Sheikh Zayed,SODIC West,residential,593.1,,,delivered,standalone villa,,golf course|clubhouse,,,,,,"Converted from 2.4 million sqm. 1,251 units. 18-hole Greg Norman golf course.",S4-004
DEV004-P02,DEV004,Beverly Hills,Sheikh Zayed,SODIC West,mixed-use,469.5,,,delivered,standalone villa|apartment,,commercial area,,,,,,"Converted from 1.9 million sqm. 2,985 villas and apartments; SODIC's first venture.",S4-004
DEV004-P03,DEV004,Forty West,Sheikh Zayed,SODIC West,mixed-use,,2009.0,,delivered,apartment,fully finished,commercial area,,,,,,204 residential units; boutique hotel (169 keys) and piazza.,S4-004
DEV004-P04,DEV004,Westown Residences,Sheikh Zayed,SODIC West,residential,,,2013.0,delivered,apartment,,,,,,,,"1,394 units; delivery began December 2013.",S4-004
DEV004-P05,DEV004,Allegria Residence,Sheikh Zayed,SODIC West,residential,,,,delivered,apartment,fully finished,golf course,,,,,,147 units.,S4-004
DEV004-P06,DEV004,Six West,Sheikh Zayed,SODIC West,mixed-use,,,,delivered,apartment,,commercial area,,,,,,112 residential units plus retail and offices.,S4-004
DEV004-P07,DEV004,October Plaza,Sheikh Zayed,,residential,,,,delivered,apartment,,swimming pools|landscape,,,,,,641 units; located in 6th of October City about 10 minutes from SODIC West.,S4-004
DEV004-P08,DEV004,The Estates,New Zayed,,residential,284.2,,2023.0,delivered,standalone villa|townhouse|twin house,,clubhouse|landscape,,,,,,"Converted from gross land area 1.15 million sqm (deck text also says 630K sqm). 446 units; delivery planned 2023 per Dec 2023 deck; status inferred from that plan, not confirmed.",S4-004
DEV004-P09,DEV004,The Estates Residences,New Zayed,,residential,119.7,2022.0,2026.0,under construction,apartment,,,,,,,,"Converted from 484,559 sqm. 979 units; delivery planned 2026.",S4-004
DEV004-P10,DEV004,VYE and Karmell (464 Acres project),New Zayed,,mixed-use,464.0,2021.0,2025.0,partially delivered,apartment|townhouse|twin house,,commercial area|schools|sports courts,,,,,,"Land given as 464 acres (2 million sqm launched). 5,132 residential units; 464 Acres accounted for 41% of delivered value in 2025.",S4-004|S4-003
DEV004-P11,DEV004,SODIC East,New Heliopolis,,mixed-use,667.2,2017.0,2022.0,partially delivered,,,landscape,,,,,,"Converted from 2.7 million sqm. 4,533 units; revenue-share with Heliopolis Housing; between Cairo-Suez and Cairo-Ismailia roads.",S4-004
DEV004-P12,DEV004,Eastown,New Cairo,,mixed-use,,,,delivered,apartment,,clubhouse|sports courts|commercial area,,,,,,"2,862 units; next to AUC; includes EDNC commercial component.",S4-004
DEV004-P13,DEV004,Villette (incl. V Residences and Sky Condos),New Cairo,,residential,,,2022.0,partially delivered,standalone villa|apartment,fully finished,clubhouse,,,,,,"2,515 units (779 villas, 931 V Residences, 805 Sky Condos). V Residences delivery planned 2023; Sky Condos first phase delivered 2022.",S4-004
DEV004-P14,DEV004,Katameya Plaza,New Cairo,,residential,,,,delivered,apartment,,,,,,,,488 units.,S4-004
DEV004-P15,DEV004,Eastvale,Mostakbal City,Mada,residential,,2025.0,,launched,,,,,,,,,Launched November 2025; over EGP 21bn contracted sales (44% of 2025 sales). Location in East Cairo per press release; MADA location per search snippet only.,S4-003
DEV004-P16,DEV004,Mada City project (MIDAR partnership),Mostakbal City,Mada,mixed-use,519.0,2025.0,,unknown,,,commercial area|schools|hospital,,,,,,Converted from 500 feddans. Revenue-share with MIDAR; investment EGP 110bn. May overlap with Eastvale.,S4-005|S4-001
DEV004-P17,DEV004,New Sphinx City land (Rula partnership),West Cairo,New Sphinx City,residential,1038.0,2025.0,,unknown,,,,,,,,,"Converted from 1,000 feddans; West Cairo partnership with Rula added in 2025; project name not announced in sources; district as given in press release.",S4-003|S4-001
DEV004-P18,DEV004,June,North Coast,Ras El Hekma,coastal/resort,291.6,2021.0,2025.0,under construction,serviced apartment|standalone villa,,lagoon|swimming pools|commercial area,,,,,,"Converted from 1.18 million sqm. 2,747 units; hotel 200-250 keys; first delivery planned 2025.",S4-004
DEV004-P19,DEV004,Caesar,North Coast,Ras El Hekma,coastal/resort,,2015.0,,partially delivered,,,,,,,,,819 units; phase 1 delivered; back plot to be launched 2023.,S4-004
DEV004-P20,DEV004,Ogami,North Coast,Ras El Hekma,coastal/resort,,,,launched,,,,,,,,,Contributed 17% of SODIC 2025 sales per press release.,S4-003
DEV004-P21,DEV004,The Polygon,Sheikh Zayed,SODIC West,administrative,,,,delivered,,,underground parking,,,,,,"Business park, 11 Class-A office buildings; BUA 89,257 sqm; houses SODIC headquarters.",S4-004
DEV004-P22,DEV004,The Portal,Sheikh Zayed,SODIC West,commercial,,,,delivered,,,underground parking,,,,,,"31,300 sqm retail and office space; 165 units.",S4-004
DEV004-P23,DEV004,The Strip,Sheikh Zayed,SODIC West,commercial,,2009.0,,delivered,,,commercial area,,,,,,"Leasable area 46,400 sqm; The Strip II extension launched 2018.",S4-004
DEV004-P24,DEV004,Westown Hub,Sheikh Zayed,SODIC West,commercial,,,,delivered,,,commercial area,,,,,,"Leasable area 11,000 sqm; 41 units.",S4-004
DEV004-P25,DEV004,SODIC Medical District,Sheikh Zayed,SODIC West,commercial,,,,delivered,,,hospital,,,,,,"BUA 13,800 sqm; includes El Nada maternity hospital.",S4-004
DEV004-P26,DEV004,EDNC,New Cairo,Eastown,commercial,,,,delivered,,,commercial area,,,,,,"Offices and retail; leasable area 22,295 sqm; 235 offices and 72 retail units.",S4-004
DEV010-P01,DEV010,The Mornings,New Cairo,,residential,,,,unknown,apartment,,underground parking|commercial area|kids area,,,,,"5% down payment, 5% after 3 months, equal instalments over 8 years (website); press: 55% over 3.5 years, remainder through rental returns",Own-to-rent model with BirdNest.,S4-009|S4-019
DEV010-P02,DEV010,At East,Mostakbal City,Phase 1,residential,,,,partially delivered,standalone villa|twin house|townhouse|apartment,,clubhouse|kids area|mosque|commercial area|landscape,,,,,,First families moved in per Sept 2025 press; expansion EGP 2bn for 700 units; Roofscape apartments.,S4-010|S4-016|S4-019
DEV010-P03,DEV010,The Ridge,Mostakbal City,,residential,44.0,,,unknown,townhouse|twin house|standalone villa,,clubhouse|swimming pools|kids area|landscape,,,,,,Villa-only community; 80% green.,S4-011
DEV010-P04,DEV010,Woodwalks,Mostakbal City,,residential,,,,unknown,,,,,,,,,Boutique development listed on developer's East Cairo page.,S4-024
DEV010-P05,DEV010,Alaire,Mostakbal City,,residential,,,2025.0,partially delivered,townhouse|twin house|apartment,,clubhouse|kids area|sports courts|swimming pools|commercial area,,,,,,Designed by Gensler; first batch deliveries in 2025 (planned per Feb 2025 press).,S4-012|S4-016
DEV010-P06,DEV010,Green Square,Mostakbal City,,mixed-use,80.0,,,delivered,apartment|townhouse|twin house|duplex,,commercial area|clubhouse|gym|mosque|security gates,,,,,,Fully delivered per Feb 2025 press.,S4-021|S4-016
DEV010-P07,DEV010,L'Avenir,Mostakbal City,,residential,,,,partially delivered,twin house|duplex|apartment,,gym|security gates|landscape,,,,,,100% constructed; 60% handed over; rest by Q2 2025 (Feb 2025 press).,S4-022|S4-016
DEV010-P08,DEV010,Keeva,6th of October,Waslet Dahshur Road,mixed-use,,,2025.0,under construction,,,clubhouse|swimming pools|sports courts|commercial area|kids area|dog park,,,,,,Marriott-operated hotel; phase 1 deliveries planned end of 2025.,S4-013|S4-016
DEV010-P09,DEV010,YOUD,North Coast,Ras El Hekma,coastal/resort,170.2,2025.0,,launched,twin house|standalone villa|chalet,,swimming pools|commercial area|landscape,,,,,,Converted from 164 feddans. With Jedar Real Estate; 900 units; over EGP 10bn sold in 48 hours (Aug 2025).,S4-014|S4-017
DEV010-P10,DEV010,Ten Islands,North Coast,Ras El Hekma,coastal/resort,,2025.0,,launched,standalone villa,,lagoon,,,,,,With Reedy Group; 10 km lagoon chain; villa-only; exceeded sales targets by 150%.,S4-019|S4-018
DEV010-P11,DEV010,Summer (incl. Summer Vibes),North Coast,Sidi Heneish,coastal/resort,864.0,,,under construction,chalet|standalone villa|twin house|townhouse,,lagoon|swimming pools|clubhouse|sports courts|commercial area|kids area,,,,,,"Designed by WATG. Summer Vibes phase: EGP 10.5bn, 1,728 units.",S4-015|S4-016
DEV010-P12,DEV010,Gaia,North Coast,Ras El Hekma,coastal/resort,280.0,,,partially delivered,,,lagoon|swimming pools|sports courts|gym|kids area|commercial area,,,,,,Phase 1 complete; phase 2 deliveries summer 2025; full completion summer 2026 (Feb 2025 press). KYND 01 hotel.,S4-020|S4-016
DEV010-P13,DEV010,Amwaj,North Coast,Sidi Abdel Rahman,coastal/resort,,,,unknown,,,,,,,,,KM 136 Alexandria-Matrouh Road.,S4-023
DEV010-P14,DEV010,Sunterra,Red Sea,,coastal/resort,,,,unknown,,,,,,,,,Listed on developer's By the Sea page.,S4-023
DEV010-P15,DEV010,Wadi Zaha,Oman,Sultan Haitham City,mixed-use,103.8,,,launched,,,,,,,,,Converted from 100 feddans (three projects). Investment 440 million Omani rials.,S4-019|S4-016
DEV016-P01,DEV016,"District 5 (incl. District 5 Residences, D5M, District 5 Work, Mindhaus)",New Cairo,New Katameya,mixed-use,268.0,2019.0,,unknown,townhouse|apartment,,commercial area|sports courts|gym|clubhouse,,,,,,"268 acres per developer website (a 2019 article gave 100 feddan); about 1,800 residential units per search snippet, 3,000 housing units per 2019 article; investment over EGP 6bn (2019). Unit sizes 127-343 sqm.",S4-026|S4-032|S4-025
DEV016-P02,DEV016,AEON Towers,6th of October,,residential,,,2019.0,delivered,apartment|penthouse,fully finished,,,,,,,"3 towers, 400 apartments, 72 m high; 20 floors of serviced apartments and penthouses per website; delivery scheduled for 2019 per March 2019 article (status inferred from that plan).",S4-032|S4-025|S4-031
DEV016-P03,DEV016,Ramla,North Coast,Ras El Hekma,coastal/resort,,,,launched,standalone villa,,lagoon|clubhouse|sports courts,,,,,,1.4 km beach; hotel; delivery 6 years; unit sizes 126-246 sqm; Azza Fahmy beach clubhouse.,S4-027|S4-031
DEV016-P04,DEV016,East Cairo residential (launching now),New Cairo,,residential,,,,launched,,,,,,,,,Listed on website as 'East Cairo - Launching Now'; name not given.,S4-025
DEV016-P05,DEV016,Red Sea residential (launching now),Red Sea,,coastal/resort,,,,launched,,,,,,,,,Listed on website as 'Red Sea - Launching Now'; name not given.,S4-025
DEV016-P06,DEV016,Mall of Arabia,6th of October,,commercial,153.6,2010.0,,delivered,,,commercial area,,,,,,"Converted from about 148 feddans. 420 retail units, about 142,000 sqm GLA (2026).",S4-029|S4-032
DEV016-P07,DEV016,Town Center,New Cairo,,commercial,,2020.0,,unknown,,,commercial area,,,,,,Launched 2020 per 2026 article; website lists under East Cairo.,S4-029|S4-025
DEV016-P08,DEV016,Mall of Tanta,Tanta,,commercial,,,2019.0,delivered,,,commercial area,,,,,,"Opened 2019; BUA 45,000 sqm.",S4-029|S4-032
DEV016-P09,DEV016,Mall of Mansoura,Mansoura,,commercial,,,,under construction,,,commercial area,,,,,,"155,000 sqm; scheduled to open soon (Feb 2026).",S4-029|S4-025
DEV016-P10,DEV016,Villa M,Zamalek,,administrative,,,,unknown,,,,,,,,,Office space.,S4-028
DEV022-P01,DEV022,Stone Residence,New Cairo,,residential,,,,delivered,apartment,,,,,,,,"Completed 2021 with over 4,000 units.",S4-043|S4-033
DEV022-P02,DEV022,Stone Park,,,residential,,,,delivered,,,,,,,,,Listed as delivered development on About page; location not given in fetched sources.,S4-033
DEV022-P03,DEV022,The Brooks,New Cairo,,residential,,,,unknown,apartment,,,,,,,,,S4-043|S4-034
DEV022-P04,DEV022,Ivoire East,New Cairo,Fifth Settlement,residential,,,,unknown,,,,,,,,,,S4-043|S4-034
DEV022-P05,DEV022,Telal East,,,residential,,,,unknown,,,,,,,,,Listed as First Home project; location not given in fetched text.,S4-034
DEV022-P06,DEV022,Ivoire West,Sheikh Zayed,,residential,79.6,,2026.0,under construction,townhouse|standalone villa,,commercial area|landscape,,,,,,"Converted from 76.72 feddans (Arab Finance; Daily News Egypt gives 76.72 acres). More than 1,000 units; first phase handover targeted end-2026; ZIG commercial component 75,676 sqm.",S4-036|S4-039|S4-041
DEV022-P07,DEV022,Hadaba,6th of October,,residential,34.3,,2024.0,delivered,standalone villa|twin house|townhouse,,landscape,,,,,,Converted from 33 feddans. 158 villas; EGP 4bn investment; delivery began April 2024 and completed by May 2026.,S4-043|S4-039
DEV022-P08,DEV022,New Zayed mixed-use project,New Zayed,,mixed-use,394.4,2026.0,,unknown,serviced apartment,,commercial area,,,,,,Converted from 380 feddans. Investment EGP 94bn; expected sales EGP 147bn; first phase delivery within four years of launch.,S4-040
DEV022-P09,DEV022,Jebal El Sokhna,Ain Sokhna,,coastal/resort,,,,partially delivered,twin house|townhouse|chalet,,,,,,,,Phase I delivered.,S4-037|S4-043
DEV022-P10,DEV022,Telal Sokhna,Ain Sokhna,,coastal/resort,,,,unknown,serviced apartment,,,,,,,,Three hotels planned first; Covaya hotel/serviced apartments launched.,S4-042|S4-038|S4-033
DEV022-P11,DEV022,Telal North Coast,North Coast,,coastal/resort,,,,partially delivered,,,,,,,,,Listed among developments with homes delivered.,S4-033|S4-042
DEV022-P12,DEV022,Point 90 Mall,New Cairo,,commercial,,,,delivered,,,commercial area,,,,,,Flagship commercial development (via Cairo for Housing and Development).,S4-033|S4-035
DEV022-P13,DEV022,BBD,,,commercial,,,,unknown,,,,,,,,,Listed as commercial project; listed under Cairo area in hospitality article.,S4-034|S4-042
DEV022-P14,DEV022,ZAG East,,,commercial,,,,unknown,,,commercial area,,,,,,Listed as commercial project; location not given in fetched text.,S4-034
DEV022-P15,DEV022,Moltaqa Mall,Giza,,commercial,,,,unknown,,,commercial area,,,,,,Project of subsidiary Cairo for Housing and Development.,S4-035
DEV028-P01,DEV028,ONE7 Residences,Hurghada,,coastal/resort,,,,launched,standalone villa,,,,,,,,"Now selling; residential units, luxury villas and commercial.",S4-047
DEV028-P02,DEV028,Kronberg Signature Collection,Red Sea,,coastal/resort,,,,unknown,,,,,,,,,Upcoming; no details.,S4-047
DEV034-P01,DEV034,ClubTown New Degla (ClubTown Maadi),Maadi,New Degla,residential,,2022.0,2025.0,under construction,,,sports courts|landscape,,,,,,"Phases Breeze, Horizon, Edge, VYON; investment nearly EGP 11bn; first phase (Breeze) deliveries scheduled from 2025.",S4-053|S4-050|S4-048
DEV034-P02,DEV034,"Neo (Neo Lakes, Neo Gardens, Neo Parks)",Mostakbal City,,residential,,,,unknown,,,commercial area|security gates|landscape,,,,,,Neo Parks launch expected Q3 2026.,S4-054|S4-049|S4-048
DEV034-P03,DEV034,Tijan Maadi,Maadi,,residential,,,,delivered,,,,,,,,,,S4-048
DEV034-P04,DEV034,Tijan Zahraa El Maadi,Maadi,Zahraa El Maadi,residential,,,,unknown,,,,,,,,,Listed as flagship project.,S4-048
DEV034-P05,DEV034,Promenade New Cairo,New Cairo,,residential,,,,delivered,,,,,,,,,,S4-048
DEV034-P06,DEV034,River Walk New Cairo,New Cairo,,residential,,,,unknown,,,,,,,,,Listed as flagship project.,S4-048
DEV034-P07,DEV034,Canal Residence,,,residential,,,,unknown,,,,,,,,,Listed as flagship project; location not given.,S4-048
DEV034-P08,DEV034,Blumar Hills,6th of October,,residential,,,,delivered,,,,,,,,,,S4-048
DEV034-P09,DEV034,Pyramids Walk,6th of October,,residential,,,,delivered,,,,,,,,,,S4-048
DEV034-P10,DEV034,"Murano (incl. OJO, Floating Islands, Waterside, Living Community)",Ain Sokhna,Zaafarana Road,coastal/resort,,,,partially delivered,,,lagoon|landscape,,,,,,60 feddans added in 2024 with EGP 5bn investment; OJO launched Q1 2026; status inferred from 2024 Ain Sokhna deliveries (not project-specific).,S4-055|S4-051|S4-049
DEV034-P11,DEV034,Blumar El Sokhna,Ain Sokhna,,coastal/resort,,,,unknown,,,,,,,,,Listed as flagship project.,S4-048
DEV034-P12,DEV034,Mada Ain Sokhna,Ain Sokhna,,coastal/resort,,,,unknown,,,,,,,,,Listed as flagship project.,S4-048
DEV034-P13,DEV034,Blumar El Dome,,,coastal/resort,,,,unknown,,,,,,,,,Listed as flagship project; location not given.,S4-048
DEV034-P14,DEV034,Marina Wadi Degla,Red Sea,,coastal/resort,,,,delivered,,,,,,,,,,S4-048
DEV034-P15,DEV034,Vero,North Coast,Sidi Abdel Rahman,coastal/resort,8.4,2026.0,,launched,serviced apartment|apartment,,swimming pools|gym|commercial area|kids area,,,,,,"Converted from 34,000 sqm. Launched Q1 2026.",S4-056|S4-049
DEV034-P16,DEV034,ClubTown Minya,Minya,New Minya,residential,72.7,2026.0,,launched,standalone villa,,landscape,,,,,,Converted from about 70 feddans; 80% green; launch Q2 2026.,S4-050|S4-049
DEV040-P01,DEV040,IL Bosco City,Mostakbal City,,residential,,,,partially delivered,standalone villa,,,,,,,,"Investment EGP 32bn; over 1,000 unit deliveries targeted in 2023; 100 units for delivery in 2024; Sila phase 76 villas.",S4-059|S4-058
DEV040-P02,DEV040,IL Bosco New Capital,New Capital,,residential,,,2020.0,delivered,,,,,,,,,Delivered ahead of schedule in 2020 per 2023 article; 2024 article says 70% construction and 800 units to deliver by end 2024 (later phases).,S4-059|S4-058
DEV040-P03,DEV040,Vinci,New Capital,,mixed-use,,,,partially delivered,serviced apartment,,lagoon|commercial area,,,,,,Swimmable lakes; 70% complete and 600 units to deliver by end 2024; Marriott executive suites (100) and Westin branded apartments (160).,S4-059|S4-058
DEV040-P04,DEV040,Cairo Business Park,New Cairo,,commercial,,,,delivered,,,,,,,,,100% complete (2024); hotel of 130 rooms opening 2026.,S4-058|S4-059
DEV040-P05,DEV040,KAI Sokhna,Ain Sokhna,,coastal/resort,,,2024.0,partially delivered,,,,,,,,,Phase I 200 units delivered 2024; 70% construction; hotel 140 rooms plus 200 branded apartments.,S4-058|S4-059
DEV040-P06,DEV040,Solare Ras El Hekma,North Coast,Ras El Hekma,coastal/resort,400.7,2023.0,2027.0,under construction,standalone villa|townhouse|twin house|chalet,,lagoon|swimming pools,,,,,,"Converted from 386 feddans. About 3,000 units (70% villas, 30% chalets); EGP 30bn plan; first handovers 2027; about 60% of 2024 sales; includes Olive Oasis phase 2 (60,000 sqm lagoon).",S4-057|S4-058|S4-059
DEV046-P01,DEV046,90 Avenue (incl. N Residence),New Cairo,,mixed-use,,,,partially delivered,serviced apartment|apartment,,commercial area,,,,,,Phase 3 (N Residence) handover under way Dec 2024; completion targeted end-2025.,S4-062
DEV046-P02,DEV046,Keystone,New Cairo,,commercial,9.1,2025.0,,launched,,,commercial area|hospital,,,,,,"Converted from 37,000 sqm. Investment EGP 20bn; commercial, administrative, medical and hospitality.",S4-061
DEV046-P03,DEV046,Cairo-Alexandria Desert Road project (km 47),West Cairo,Sphinx Airport area,mixed-use,52.4,2025.0,,launched,standalone villa|apartment,,commercial area,,,,,,"Converted from 212,000 sqm. 192 villas and 300 residential units; EGP 20bn.",S4-061
DEV046-P04,DEV046,Heliopolis development,Heliopolis,,mixed-use,9.3,2025.0,,launched,apartment|serviced apartment,,commercial area|hospital,,,,,,"Converted from 9 feddans (BUA 243,400 sqm). 1,200 residential and serviced apartments, 560 administrative units, 90 commercial units; EGP 12bn.",S4-061|S4-063
DEV046-P05,DEV046,Sphinx City project,West Cairo,Sphinx Airport area,mixed-use,830.4,2025.0,,unknown,standalone villa|serviced apartment,,clubhouse|schools|hospital,,,,,,Converted from 800 feddans. Investment EGP 136bn; master plan by HHCP.,S4-061|S4-063
DEV046-P06,DEV046,A'aly AlRiyadh,Riyadh,,residential,,,,partially delivered,,,,,,,,,"Saudi Arabia; phase 3 380 units, delivery end-2025 to H1 2026.",S4-062
DEV052-P01,DEV052,Alburouj,New Heliopolis,,mixed-use,1245.6,,,partially delivered,apartment|duplex|townhouse|standalone villa,fully finished,clubhouse|sports courts|schools|commercial area|underground parking|landscape,,,,,Up to 5 years for existing units; up to 8 years for recent launches (Oct 2024),"Converted from nearly 1,200 feddans (Arab Finance); other press gives about 5 million sqm. About 3,500 residents (2025); 80% green; phases include Clubside Residences II, The Orb, Duplexo and U by Clubside. Status inferred from resident population.",S4-066|S4-067|S4-068
DEV058-P01,DEV058,ZAT Community,6th of October,October Gardens,mixed-use,10.4,,,under construction,apartment,,clubhouse|commercial area,,,,,,Converted from 10 feddans. First project.,S4-069|S4-070
DEV058-P02,DEV058,COY,Sheikh Zayed,,residential,,2025.0,,launched,,,landscape,,,,,,"Investment EGP 2bn; 20% built-up, 80% green and water features; 4-year completion.",S4-069|S4-070
DEV058-P03,DEV058,PAI,New Zayed,,residential,,,,launched,,,,,,,,,Listed on website.,S4-070
DEV058-P04,DEV058,UNOIA,West Cairo,Green Revolution (Al Thawra Al Khadra),residential,,,,launched,,,,,,,,,Listed on website.,S4-070
DEV064-P01,DEV064,Lyv (Lyv Caesar),North Coast,Ras El Hekma,coastal/resort,213.8,2024.0,,launched,chalet|townhouse|twin house|standalone villa,,clubhouse|swimming pools|gym|lagoon,,,,,,Converted from 206 feddans. Km 200; investment EGP 40bn+; EGP 8.7bn sales in first months; with landowner Pibic Development.,S4-071|S4-072
DEV064-P02,DEV064,Audaz,New Capital,Financial and Business District,mixed-use,4.2,,2024.0,partially delivered,,,commercial area,,,,,,"Converted from 4 feddans. 751 units; 697 delivered, rest due end-2024; EGP 2.3bn.",S4-071|S4-072
DEV064-P03,DEV064,Venia,New Capital,R7,residential,41.5,,2026.0,under construction,standalone villa|apartment,,commercial area,,,,,,Converted from 40 feddans. 896 units; 35% built (Sept 2024); delivery 2026.,S4-071|S4-072
DEV064-P04,DEV064,Catalan,New Capital,R7,residential,41.5,,2024.0,under construction,standalone villa|apartment|duplex,,commercial area,,,,,,Converted from 40 feddans. 841 units; 85% built; delivery 2024-2025.,S4-071|S4-072
DEV064-P05,DEV064,Gates Lugar,New Zayed,,residential,63.0,,,launched,,,,,,,,,63 acres (expansion to 100 acres under negotiation); EGP 9bn+; near Sphinx Airport.,S4-071|S4-072
DEV064-P06,DEV064,Gates Prive,West Cairo,,residential,17.0,,2025.0,under construction,,,commercial area,,,,,,"17 acres; EGP 2.5bn; 12,000 sqm mall; phase 1 expected 2025.",S4-071|S4-072
DEV064-P07,DEV064,Space,Sheikh Zayed,,commercial,,,,unknown,,,commercial area|hospital,,,,,,"6-8 acres; EGP 6.4bn; commercial, administrative and medical.",S4-071|S4-072
DEV064-P08,DEV064,Plaza Espana,Sheikh Zayed,,commercial,4.0,,,delivered,,,commercial area,,,,,,150 units of 40-100 sqm; EGP 1.5bn; fully delivered.,S4-071|S4-072
DEV064-P09,DEV064,Westgate,6th of October,,mixed-use,4.0,,,delivered,,,commercial area,,,,,,190 units; EGP 1.45bn; fully delivered.,S4-071|S4-072
DEV070-P01,DEV070,Taj City land plot project,New Cairo,Taj City,residential,20.5,2021.0,,unknown,apartment,,,,,,,,"Converted from 83,000 sqm. About 1,600 units of 70-170 sqm; investment over EGP 2bn; launch planned Q3 2021; project name not given. City set to East Cairo Taj City area opposite Cairo airport.",S4-074
DEV070-P02,DEV070,Green Land,,,residential,,,,unknown,,,kids area|landscape,,,,,,Location not given.,S4-073
DEV070-P03,DEV070,The Edge,,,residential,,,,unknown,apartment|penthouse,,swimming pools|gym|clubhouse,,,,,,Location not given.,S4-073
DEV076-P01,DEV076,BAHJA Residence,Sheikh Zayed,,residential,,,,launched,apartment,,,,,,,,Partnerships with Vodafone and ACE Moharram Bakhoum.,S4-075
DEV088-P01,DEV088,AI Tower,New Capital,Central Business District,mixed-use,2.1,,,under construction,,,hospital|commercial area,,,,,,"Converted from 8,700 sqm plot. 50 floors; offices, retail, medical and hospitality; delivery within four years of July 2026.",S4-076|S4-077
DEV094-P01,DEV094,TEKVERA,New Cairo,70th Street,commercial,0.3,2026.0,,launched,,,commercial area,,,,,,"Converted from about 1,100 sqm. 45 retail units (G+3); EGP 500m; delivery within 18 months.",S4-078
DEV094-P02,DEV094,Multqa Social District,New Cairo,,mixed-use,,,,unknown,,,commercial area,,,,,,With Adrec Developments.,S4-079|S4-080
DEV094-P03,DEV094,Zoan Plaza,New Cairo,,commercial,,,,unknown,,,commercial area,,,,,,Between Katameya and 90th Street.,S4-079
DEV094-P04,DEV094,Aknan Building,New Cairo,Fifth Settlement,administrative,,,,unknown,,,,,,,,,,S4-079
DEV102-P01,DEV102,ZAHA Residence,6th of October,Downtown October,mixed-use,8.3,2026.0,,launched,apartment,,clubhouse|swimming pools|gym|kids area|underground parking|commercial area|landscape,,,,,,Converted from about 8 feddans. Units 60-175 sqm; G+5 buildings; EGP 3bn; delivery within 3.5 years; hotel and clinics.,S4-081
DEV102-P02,DEV102,VIVID Mall,Sheikh Zayed,West Sheikh Zayed,commercial,,2021.0,,under construction,,,commercial area|mosque|landscape,,,,,,"Retail, clinics and offices; construction commenced June 2021; with Al Hajery Group.",S4-082
DEV112-P01,DEV112,Midtown Sky,New Capital,,residential,,,,unknown,,,landscape,,,,,,,S4-083
DEV112-P02,DEV112,Midtown New Capital,New Capital,,residential,,,,unknown,,,landscape,,,,,,,S4-083
DEV112-P03,DEV112,Cairo Business Plaza,New Capital,,commercial,,,,unknown,,,commercial area,,,,,,Offices and retail.,S4-083
DEV119-P01,DEV119,CLM (Castle Landmark),New Capital,R7,mixed-use,44.6,,2024.0,partially delivered,apartment,,commercial area,,,,,,"Converted from 43 feddans. 1,800 residential plus 250 administrative/commercial units; EGP 5.6bn; 200 phase 1 units delivered by Sept 2024.",S4-084
DEV129-P01,DEV129,Mostakbal City (master development),Mostakbal City,,mixed-use,11418.0,,,partially delivered,,,commercial area|schools|hospital,,,,,,"Converted from 11,000 feddans. Master-planned city with land sold to sub-developers.",S4-085
DEV129-P02,DEV129,The Boulevard,Mostakbal City,,mixed-use,62.3,2021.0,,unknown,,,commercial area,,,,,,"Converted from about 60 feddans; 1 km long; EGP 450m; residential, commercial, administrative, boutique hotel.",S4-085
DEV135-P01,DEV135,Grova EastHills,New Cairo,AUC Avenue,residential,300.0,2026.0,,launched,standalone villa|twin house|townhouse,,clubhouse|gym|commercial area|landscape,,,,,,Over 300 acres; seven neighbourhoods; 45% open space.,S4-086|S4-089|S4-087
DEV135-P02,DEV135,West Cairo mixed-use (with Egyptian Kuwaiti Real Estate),6th of October,,mixed-use,306.2,2026.0,,unknown,apartment|standalone villa,,commercial area|hospital,,,,,,Converted from 295 feddans. Investment EGP 270bn.,S4-087
DEV135-P03,DEV135,Noor Khuzam,Riyadh,Khuzam,residential,,,,unknown,,,,,,,,,"Saudi Arabia; SAR 3.3bn; over 3,000 units; with Tilal and NHC.",S4-088
DEV141-P01,DEV141,New Heliopolis City (master land),New Heliopolis,,mixed-use,5605.2,,,partially delivered,,,,,,,,,"Converted from more than 5,400 feddans; developed mostly through partnerships.",S4-092|S4-091
DEV141-P02,DEV141,SODIC East (revenue-share with SODIC),New Heliopolis,,mixed-use,667.2,2017.0,2022.0,partially delivered,,,landscape,,,,,,Converted from 2.7 million sqm. Developed by SODIC; listed also under DEV004.,S4-004
DEV141-P03,DEV141,Madinet Masr co-development,New Heliopolis,,residential,509.7,2024.0,,unknown,apartment|standalone villa|townhouse,,commercial area,,,,,,Converted from 491 feddans. Madinet Masr share 63.5%; revenue EGP 194.67bn over 12 years.,S4-093
DEV141-P04,DEV141,Modad partnership plot,New Heliopolis,,residential,26.0,2026.0,,unknown,,,,,,,,,Converted from 25 feddans. Heliopolis Housing stake 38%; expected share EGP 6.08bn.,S4-094
DEV141-P05,DEV141,Jadinah (self-development),New Heliopolis,,residential,,,,under construction,apartment,,commercial area,,,,,,"Phase one EGP 2.5bn, 560 units plus 3 administrative/commercial buildings; second zone 600 units at EGP 2.25bn. Status: preparing construction (2026).",S4-091|S4-094
DEV141-P06,DEV141,Green Kasbah,New Heliopolis,,commercial,,2026.0,,unknown,,,commercial area|mosque,,,,,,"Launch September 2026; commercial, entertainment and hotel.",S4-091
DEV141-P07,DEV141,New Heliopolis self-development (600 feddans),New Heliopolis,,residential,622.8,2025.0,,launched,,,,,,,,,Converted from 600 feddans; first phase launch summer 2025. May include Jadinah.,S4-092
DEV141-P08,DEV141,Hadayek Al-Asima development,New Capital,Hadayek Al-Asima,mixed-use,795.1,2025.0,,unknown,,,,,,,,,Converted from 766 feddans.,S4-092
DEV147-P01,DEV147,iXORA Residence,6th of October,October Gardens,residential,10.6,,,under construction,apartment,,swimming pools|mosque|underground parking|commercial area,,,,,"Third phase: 5% down payment, instalments up to 8 years (July 2026)","Converted from about 43,000 sqm. Units 111-173 sqm; delivery within 30 months of start (July 2026).",S4-095|S4-096
DEV153-P01,DEV153,Noll New Cairo,New Cairo,Sixth Settlement,residential,93.4,2025.0,,launched,apartment,,commercial area|hospital,,,,,,Converted from 90 feddans. Units 80-380 sqm; G+7; 18% building density; delivery three years from start.,S4-097
DEV159-P01,DEV159,Pukka,New Capital,,residential,,,2024.0,partially delivered,,,,,,,,,Deliveries starting Dec 2024 - Jan 2025.,S4-099|S4-098
DEV159-P02,DEV159,Pukka Walk,New Capital,,commercial,,,,unknown,,,commercial area,,,,,,,S4-099
DEV159-P03,DEV159,Diplo East,New Capital,,mixed-use,,,,unknown,,,,,,,,,,S4-099|S4-098
DEV159-P04,DEV159,Rivergreen,New Capital,,commercial,,,,delivered,,,hospital,,,,,,"Medical complex; first flagship project, listed as completed.",S4-098
DEV159-P05,DEV159,Rivergreen 2,New Capital,,commercial,,,,unknown,,,hospital,,,,,,Medical centre; planned.,S4-098
DEV159-P06,DEV159,White 14,,Downtown,commercial,,,,unknown,,,commercial area,,,,,,Business complex; website says Downtown; city not confirmed.,S4-099
DEV159-P07,DEV159,Doray Bay,Ras El Bar,,coastal/resort,,,,unknown,,,,,,,,,,S4-099
DEV166-P01,DEV166,New Capital residential project (2020 announcement),New Capital,,mixed-use,18.3,2020.0,,unknown,apartment,,commercial area|hospital,,,,,,Converted from 17.64 feddans. 738 residential units plus 127 commercial/administrative/medical units; EGP 1.5bn (Nov 2020). Name not given; may be Menorca Residence.,S4-102
DEV166-P02,DEV166,Menorca Residence New Capital,New Capital,,residential,,,,unknown,apartment,,,,,,,,,S4-101
DEV166-P03,DEV166,Menorca Villa Zayed,Sheikh Zayed,,residential,,,,unknown,standalone villa,,,,,,,,,S4-101
DEV166-P04,DEV166,Skylight Mall,New Capital,R7,commercial,,,,unknown,,,commercial area,,,,,,R7 location per 2020 article on two R7 commercial projects.,S4-101|S4-102
DEV166-P05,DEV166,Mardev Plaza,New Capital,,commercial,,,,unknown,,,commercial area,,,,,,,S4-101
DEV173-P01,DEV173,The Rook,New Capital,Downtown,mixed-use,0.7,,,under construction,,,underground parking,,,,,,"Converted from 2,650 sqm plot. 14 floors plus 4 basements; expected Dec 2025 but about 70% complete in May 2026.",S4-104|S4-105
DEV173-P02,DEV173,Gemini Red,New Capital,Downtown,mixed-use,0.6,,,under construction,,,underground parking,,,,,,"Converted from 2,370 sqm plot. 16 floors; handover target June 2026; about 50% in May 2026.",S4-104|S4-105
DEV173-P03,DEV173,Gemini Blue,New Capital,Downtown,mixed-use,,,,under construction,,,underground parking,,,,,,"BUA 20,700 sqm; construction began Dec 2024; completion target Dec 2026; about 40% in May 2026.",S4-104|S4-105
DEV173-P04,DEV173,Norm Spaces,New Capital,MU23,mixed-use,1.7,,,under construction,,,underground parking,,,,,,"Converted from 6,700 sqm plot. Site work began Jan 2026.",S4-104|S4-105
DEV173-P05,DEV173,Town Ten,Obour,New Orabi,residential,26.0,2026.0,,launched,apartment,,swimming pools|clubhouse|kids area|sports courts,,,,,"5% down payment, instalments up to 8 years (Aug 2026)",Converted from 25 feddans. Units from 113 sqm; executed with InfinityView.,S4-103
DEV182-P01,DEV182,Trio V,New Capital,Downtown,mixed-use,,,,under construction,,,commercial area|hospital,,,,,,Under development (Jan 2025).,S4-106
DEV182-P02,DEV182,Double Two Tower (incl. Time Residence Tower),New Capital,Central Business District,mixed-use,,,,under construction,serviced apartment,,commercial area,,,,,"From 5% down payment, up to 10 years (Jan 2025)","Time Residence Tower G+24, units 60-83 sqm managed by Time Hotels.",S4-106
DEV189-P01,DEV189,Alamat,6th of October,,mixed-use,,,,unknown,serviced apartment,,commercial area|gym,,,,,,Commercial hub with hotel residences operated by Swiss Inn.,S4-107|S4-109
DEV189-P02,DEV189,Sheikh Zayed ultra-luxury compound,Sheikh Zayed,,residential,,2026.0,,unknown,,,,,,,,,Coming soon; launch planned 2026.,S4-109|S4-107
DEV196-P01,DEV196,Maydan,6th of October,,commercial,2.5,2026.0,,under construction,,,commercial area|hospital,,,,,,"Converted from about 10,000 sqm. BUA about 30,000 sqm; offices, retail and clinics; three-year timeline.",S4-110
DEV204-P01,DEV204,Stoda,East Cairo,,residential,,2025.0,,launched,apartment|duplex,,,,,,,Up to 10 years (Mar 2025),With Il Cazar Developments; units 130-240 sqm.,S4-111
DEV210-P01,DEV210,Rawaj Business Complex,6th of October,Central Axis,commercial,1.0,2026.0,,launched,,,underground parking|commercial area|hospital,,,,,,"Converted from 4,062 sqm. BUA 10,294 sqm; 184 units (72 commercial, 56 administrative, 56 medical).",S4-112
DEV217-P01,DEV217,The Ark,New Cairo,Fifth Settlement,mixed-use,95.5,2022.0,,under construction,apartment,,commercial area|landscape,,,,,,"Converted from 92 feddans. Residential, commercial, cultural centre, central park and hotels; up to EGP 30bn. Status assumed from 2022 launch; not confirmed.",S4-113
DEV225-P01,DEV225,Vie Collective,New Cairo,Middle Ring Road,mixed-use,193.1,2026.0,,launched,standalone villa|twin house|townhouse|duplex|apartment,,commercial area,,,,,,Converted from 186 feddans. Investment over EGP 100bn; target sales over EGP 200bn.,S4-114
DEV225-P02,DEV225,Vie Halo,New Cairo,Zomra East,mixed-use,,2026.0,,launched,,,commercial area|hospital|clubhouse,,,,,,With Nations of the Sky; investment over EGP 50bn; target sales over EGP 90bn.,S4-114
DEV232-P01,DEV232,SIA Mall,6th of October,,commercial,,2025.0,,under construction,,,commercial area|hospital,,,,,,"Over 6,000 sqm (area type not stated); G+4; units from 22 sqm; construction from Jan 2026, 3.5 years. May be the same site as SIA Boulevard.",S4-115
DEV232-P02,DEV232,SIA Boulevard,6th of October,Al-Najda Square,mixed-use,,2026.0,,under construction,,,commercial area|hospital|sports courts|kids area|landscape,,,,,,With EDIC Developments; EGP 3.5bn; operation targeted within three years.,S4-116
DEV255-P01,DEV255,La Fayette,New Capital,Downtown,commercial,,,,under construction,,,commercial area|underground parking,,,,,,"43,000 sqm (area type not stated); G+5 plus 2 basements.",S4-117
DEV255-P02,DEV255,La Fayette Village,New Capital,Downtown,commercial,,,,under construction,,,commercial area,,,,,,,S4-117
DEV255-P03,DEV255,Udora,New Capital,Downtown,commercial,,,,under construction,,,commercial area,,,,,,95% construction complete (June 2025).,S4-117
DEV255-P04,DEV255,Zaha Park,New Capital,MU23,commercial,,,,under construction,,,commercial area,,,,,,10 floors; electromechanical works complete (June 2025).,S4-117
DEV255-P05,DEV255,Hometown 6th of October,6th of October,,mixed-use,,,,unknown,apartment|standalone villa,,commercial area|landscape,,,,,,Described only on government platform blog.,S4-118
DEV265-P01,DEV265,Sumou Boulevard,Mostakbal City,,mixed-use,123.6,2026.0,2030.0,launched,serviced apartment|studio,,commercial area,,,,,,"Converted from about 500,000 sqm. EGP 70bn; target revenue EGP 100bn; 2 km boulevard; AI campus; hotels (Canopy by Hilton, Anantara); studios from 30 sqm.",S4-120|S4-121
DEV265-P02,DEV265,Paragon 1,New Capital,,,,,,under construction,,,,,,,,,First project; construction mentioned without completion date. Category not stated.,S4-121
DEV277-P01,DEV277,CITALIA,Obour,New Obour,residential,13.5,2025.0,,launched,apartment,,commercial area,,,,,,Converted from 13 feddans. Target sales EGP 3.2bn.,S4-122|S4-123
DEV277-P02,DEV277,Circle 9 Mall,Obour,Entertainment district,commercial,,2024.0,,under construction,,,commercial area|hospital,,,,,,G+3; 25% of concrete structure done (Mar 2025); sales target EGP 280m.,S4-124|S4-123
DEV277-P03,DEV277,White Mall,Obour,,commercial,0.8,2025.0,,under construction,,,commercial area,,,,,,"Converted from 3,300 sqm. G+2; construction began Feb 2025; sales target EGP 480m.",S4-123
DEV005-P01,DEV005,El Patio Oro,New Cairo,,residential,,,,unknown,,,,,,,,,,S5-001
DEV005-P02,DEV005,El Patio Town,New Cairo,,residential,,,,unknown,,,,,,,,,,S5-001
DEV005-P03,DEV005,La Vista 1,New Cairo,,residential,,,,unknown,,,,,,,,,,S5-001
DEV005-P04,DEV005,La Vista 2,New Cairo,,residential,,,,unknown,,,,,,,,,,S5-001
DEV005-P05,DEV005,La Vista 3,New Cairo,,residential,,,,unknown,,,,,,,,,,S5-001
DEV005-P06,DEV005,La Vista 4,New Cairo,,residential,,,,unknown,,,,,,,,,,S5-001
DEV005-P07,DEV005,La Vista 5,New Cairo,,residential,,,,unknown,,,,,,,,,,S5-001
DEV005-P08,DEV005,La Vista 6,New Cairo,,residential,,,,unknown,,,,,,,,,,S5-001
DEV005-P09,DEV005,La Vista 7,New Cairo,,residential,,,,unknown,,,,,,,,,,S5-001
DEV005-P10,DEV005,El Patio 1,New Cairo,,residential,,,,unknown,,,,,,,,,,S5-001
DEV005-P11,DEV005,El Patio 2,New Cairo,,residential,,,,unknown,,,,,,,,,,S5-001
DEV005-P12,DEV005,El Patio 3,New Cairo,,residential,,,,unknown,,,,,,,,,,S5-001
DEV005-P13,DEV005,El Patio 5,New Cairo,,residential,,,,unknown,,,,,,,,,,S5-001
DEV005-P14,DEV005,El Patio 5 East,New Cairo,,residential,,,,unknown,,,,,,,,,,S5-001
DEV005-P15,DEV005,El Patio 6,New Cairo,,residential,,,,unknown,,,,,,,,,,S5-001
DEV005-P16,DEV005,El Patio 7,New Cairo,,residential,,,,unknown,,,,,,,,,,S5-001
DEV005-P17,DEV005,El Patio Casa,New Cairo,,residential,,,,unknown,,,,,,,,,,S5-001
DEV005-P18,DEV005,El Patio Prime,New Cairo,,residential,,,,unknown,,,,,,,,,,S5-001
DEV005-P19,DEV005,El Patio Zahraa,New Cairo,,residential,,,,unknown,,,,,,,,,,S5-001
DEV005-P20,DEV005,La Vista City,New Administrative Capital,,mixed-use,,,,unknown,standalone villa|twin house|townhouse,,hospital|schools|sports club|swimming pools|clubhouse|landscape|security gates|gym|administrative zone,,,,,,Described as the developer's first mixed-use project; 16 parcels each with a clubhouse plus a main clubhouse.,S5-001|S5-003
DEV005-P21,DEV005,El Patio Jade,New Administrative Capital,,residential,,,,unknown,,,,,,,,,,S5-001
DEV005-P22,DEV005,El Patio Vera,6th of October,,residential,,,,unknown,,,,,,,,,,S5-001
DEV005-P23,DEV005,El Patio Sola,El Shorouk,,residential,,,,unknown,,,,,,,,,,S5-001
DEV005-P24,DEV005,Bay East,North Coast,,coastal/resort,,,,unknown,,,,,,,,,,S5-001
DEV005-P25,DEV005,La Vista Ras El Hikma,North Coast,Ras El Hekma,coastal/resort,,,,unknown,,,landscape|security gates|swimming pools|gym,,,,,,"Official page cites 1,100 m of beachfront.",S5-001|S5-004
DEV005-P26,DEV005,La Vista Bay,North Coast,,coastal/resort,,,,unknown,,,,,,,,,,S5-001
DEV005-P27,DEV005,La Vista Gardens,Ain Sokhna,,coastal/resort,,,,unknown,,,,,,,,,,S5-001
DEV005-P28,DEV005,La Vista Ray,Ain Sokhna,,coastal/resort,,,,unknown,,,,,,,,,,S5-001
DEV005-P29,DEV005,La Vista Topaz,Ain Sokhna,,coastal/resort,,,,unknown,,,,,,,,,,S5-001
DEV005-P30,DEV005,La Vista Cascada,,,coastal/resort,,,,unknown,,,,,,,,,Listed on official site without a destination; category unconfirmed.,S5-001
DEV011-P01,DEV011,Fifth Square,New Cairo,Fifth Settlement,mixed-use,164.0,2017.0,2020.0,partially delivered,apartment|townhouse|twin house|standalone villa|serviced apartment,fully finished,commercial area|mall|swimming pools|clubhouse|kids area|landscape,,,,,,"158 feddans converted to acres (1 feddan = 1.038 acres). 3,200 apartments in 218 buildings, 171 villas/townhouses/twin houses, 581 serviced hotel units; 370-store retail; EGP 23.5bn investment; 2,428 units delivered by 2025, completion mid-2026.",S5-007|S5-008|S5-009
DEV011-P02,DEV011,Mar Ville,New Sheikh Zayed,,residential,115.2,2023.0,,launched,,,,,,,,,111 feddans converted to acres (1 feddan = 1.038 acres).,S5-008
DEV011-P03,DEV011,Mar Bay,North Coast,Ras El Hekma,coastal/resort,664.3,2024.0,,launched,,,,,,,,,640 feddans converted to acres (1 feddan = 1.038 acres).,S5-008
DEV017-P01,DEV017,Village West,Sheikh Zayed,,residential,129.2,,,unknown,apartment|duplex|penthouse|standalone villa,,clubhouse|gym|swimming pools|kids area|clinics|mosque|commercial area,,,,,,"Official page: 522,653 sqm converted to acres; apartments and villas phases (Village West Villas has its own page).",S5-011|S5-014|S5-012
DEV017-P02,DEV017,Address East,New Cairo,,residential,60.0,,,unknown,apartment|twin house|duplex|standalone villa,fully finished,clubhouse|spa|landscape|commercial area,,,,,,"Over 1,700 fully finished units (official page).",S5-011|S5-013|S5-012
DEV017-P03,DEV017,The Address,Sheikh Zayed,,residential,,,,unknown,,,,,,,,,Listed on official site; Daily News Egypt names Address West in Sheikh Zayed; city inferred from that article.,S5-011|S5-012
DEV017-P04,DEV017,Zayed 2000,Sheikh Zayed,,residential,,,,delivered,,,,,,,,,First development in Sheikh Zayed (Dorra Holding site).,S5-010|S5-012
DEV017-P05,DEV017,Zayed Residence,Sheikh Zayed,,residential,,,,unknown,,,,,,,,,,S5-012
DEV017-P06,DEV017,Zayed Heights,Sheikh Zayed,,residential,,,,unknown,,,,,,,,,,S5-012
DEV017-P07,DEV017,Greens,Sheikh Zayed,,mixed-use,,,,unknown,,,,,,,,,Contains the Atrium retail hub.,S5-012
DEV017-P08,DEV017,Shorouk 2000,El Shorouk,,residential,155.7,,,unknown,,,,,,,,,"Gated community of 630,000 sqm converted to acres.",S5-010
DEV017-P09,DEV017,Capital Business Park,Sheikh Zayed,,administrative,,,,unknown,,,,,,,,,"35,000 sqm business park in West Cairo.",S5-011|S5-012
DEV017-P10,DEV017,The Courtyard,Sheikh Zayed,,commercial,,,,unknown,,,,,,,,,,S5-011|S5-012
DEV017-P11,DEV017,Diar El Rabwa,Sharm El Sheikh,,coastal/resort,,,,unknown,,,,,,,,,,S5-012
DEV017-P12,DEV017,Golden Beach,North Coast,,coastal/resort,,,,unknown,,,,,,,,,,S5-012
DEV017-P13,DEV017,Grand Sharm Resort,Sharm El Sheikh,,coastal/resort,,,2003.0,delivered,,,,,,,,,,S5-010
DEV023-P01,DEV023,Central Capital,Cairo,,mixed-use,,,,unknown,,,,,,,,,Official list shows city as Cairo only; status shown as operational.,S5-015
DEV023-P02,DEV023,Porto Marina,North Coast,El Alamein,coastal/resort,,,,delivered,,,,,,,,,,S5-015|S5-016
DEV023-P03,DEV023,Golf Porto Marina,North Coast,El Alamein,coastal/resort,,,,delivered,,,golf course,,,,,,,S5-015|S5-016
DEV023-P04,DEV023,Porto Marina Residence,North Coast,El Alamein,coastal/resort,,,,delivered,,,,,,,,,,S5-015
DEV023-P05,DEV023,Porto South Beach,Ain Sokhna,,coastal/resort,,,,delivered,,,,,,,,,Official list says coastal; location not stated on page.,S5-015
DEV023-P06,DEV023,Porto Sokhna,Ain Sokhna,,coastal/resort,,,,delivered,,,,,,,,,,S5-015|S5-016
DEV023-P07,DEV023,Porto Sharm,Sharm El Sheikh,,coastal/resort,,,,delivered,,,,,,,,,,S5-015|S5-016
DEV023-P08,DEV023,Porto Matrouh,Marsa Matrouh,,coastal/resort,,,,delivered,,,,,,,,,,S5-015
DEV023-P09,DEV023,Porto Said,Port Said,,mixed-use,,,,delivered,,,,,,,,,,S5-015
DEV023-P10,DEV023,Porto El Minya,Minya,,mixed-use,,,,delivered,,,,,,,,,,S5-015
DEV023-P11,DEV023,Porto Grande,North Coast,New Alamein,coastal/resort,,,,under construction,,,,,,,,,Location from broker coverage only; official site says new project under development.,S5-015
DEV029-P01,DEV029,Joulz,Sheikh Zayed,Cairo-Alexandria Desert Road km 21,residential,,,,partially delivered,,,,,,,,,570 units handed over by early 2025.,S5-018|S5-019
DEV029-P02,DEV029,Brix,Sheikh Zayed,Cairo-Alexandria Desert Road,residential,10.9,,,under construction,,,,,,,,,"44,000 m2 converted to acres; 190 units (official) vs 198 units (Daily News Egypt).",S5-018|S5-019
DEV029-P03,DEV029,Soleya,West Cairo,Cairo-Alexandria Desert Road km 23,residential,,,,delivered,,,,,,,,,172 units.,S5-018|S5-019
DEV029-P04,DEV029,West Hills,West Cairo,Cairo-Alexandria Desert Road km 2,residential,,,,delivered,,,,,,,,,98 units.,S5-018|S5-019
DEV029-P05,DEV029,Medipoint Sheikh Zayed,Sheikh Zayed,,commercial,,,,delivered,,,,,,,,,Medical and commercial complex.,S5-018|S5-019
DEV029-P06,DEV029,Fifty7,West Cairo,,residential,,,,unknown,,,,,,,,,57 premium residences.,S5-019
DEV029-P07,DEV029,G Cribs,El Gouna,,coastal/resort,6.2,,,delivered,,,,,,,,,"25,000 m2 converted to acres; 225 units.",S5-018|S5-019
DEV029-P08,DEV029,Jefaira,North Coast,Ras El Hekma (Alexandria road km 200),coastal/resort,667.2,,,under construction,standalone villa|twin house|townhouse|chalet|apartment|studio,,,,,,,"from 5% down payment, up to 10 years; delivery within four years of contract",2.7 million sqm converted to acres; EGP 5.2bn syndicated loan.,S5-018|S5-019|S5-020
DEV035-P01,DEV035,Cairo Festival City,New Cairo,North Investors Area,mixed-use,741.3,,,partially delivered,apartment|duplex|penthouse|twin house|standalone villa,fully finished,mall|schools|commercial area|gym|landscape|business district|automotive park,,,,,,"3 million sqm converted to acres; residential communities Oriana Villas (830,000 sqm, 600+ homes), Festival Living (delivered), Aura smart apartments (delivery stated for 2023).",S5-021|S5-022|S5-023
DEV041-P01,DEV041,New Cairo compound on North 90th Street,New Cairo,Fifth Settlement,residential,31.1,2020.0,,launched,,,,,,,,"up to 10 years (exhibition offer, 2020)",30 feddans converted to acres (1 feddan = 1.038 acres); EGP 5bn investment; project name not given in source.,S5-024
DEV041-P02,DEV041,Choueifat serviced apartments,New Cairo,,residential,,,,unknown,serviced apartment,furnished,,,,,,,120 hotel-managed serviced apartments of 60 to 500 sqm.,S5-024
DEV041-P03,DEV041,The Capital Way,New Administrative Capital,,residential,,,,unknown,,,,,,,,,,S5-024
DEV041-P04,DEV041,5A,,,mixed-use,,,,unknown,,,,,,,,,"Commercial, administrative and entertainment complex; city not stated.",S5-024
DEV041-P05,DEV041,Downtown,Port Said,,mixed-use,,,,unknown,,,,,,,,,,S5-024
DEV041-P06,DEV041,The Waterway North Coast,North Coast,,coastal/resort,,,,unknown,,,,,,,,,Permits being finalised in 2020.,S5-024
DEV041-P07,DEV041,W55,,,mixed-use,,,,unknown,,,,,,,,,Will contain a women's and children's hospital; construction from 2027; city not stated.,S5-025
DEV047-P01,DEV047,Tierra,New Cairo,Sixth Settlement,residential,,,,launched,,,,,,,,,,S5-026|S5-027
DEV047-P02,DEV047,Central,New Cairo,North and South Teseen intersection,mixed-use,21.0,2022.0,,unknown,,,underground parking|commercial area,,,,,"10% down payment, up to 6 years","EGP 10.3bn investment; source states 21 acres and 160,000 sqm (figures inconsistent, acres as stated); administrative units 114 to 490 sqm.",S5-026|S5-028
DEV047-P03,DEV047,Bleu Vert,New Administrative Capital,,residential,,,,under construction,,,,,,,,,,S5-026
DEV047-P04,DEV047,Khan Arabesque,Cairo,Downtown (New Fustat),commercial,,,,launched,,,,,,,,,,S5-026
DEV047-P05,DEV047,Arabesque,Cairo,Downtown,residential,,,,unknown,,,,,,,,,,S5-026
DEV047-P06,DEV047,Marina 8 (M8),North Coast,Marina,coastal/resort,,,,unknown,,,,,,,,,Sold out per official site.,S5-026
DEV047-P07,DEV047,M8 By The Lake,North Coast,Marina,coastal/resort,,,,launched,,,,,,,,,,S5-026
DEV047-P08,DEV047,IL-Latini,,,residential,,,,unknown,,,,,,,,,,S5-026
DEV047-P09,DEV047,Nile Pearl,,,residential,,,,unknown,,,,,,,,,,S5-026
DEV047-P10,DEV047,JAYD,,,residential,,,,unknown,,,,,,,,,Sold out per official site.,S5-026
DEV047-P11,DEV047,Sawary,,,residential,,,,unknown,,,,,,,,,Sold out per official site.,S5-026
DEV053-P01,DEV053,Katameya Creeks,New Cairo,near Katameya Heights,residential,45.0,,,unknown,standalone villa|apartment,,underground parking|clubhouse|commercial area|concierge,,,,,,,S5-029|S5-030
DEV053-P02,DEV053,URBN K,New Cairo,,commercial,,,,unknown,,,,,,,,,Office and retail park adjoining Katameya Creeks.,S5-029|S5-030
DEV053-P03,DEV053,Katameya Coast,North Coast,Alexandria-Matrouh Road km 180,coastal/resort,205.0,,,unknown,standalone villa|twin house|duplex|apartment|chalet,fully finished,private beach|hotel|beach club|kids area|swimming pools,,,,,,"715 m beachfront; 7 elevated platforms; unit categories Lux Villas, Stand Alone, Twinhouses, Duplexes, Condos (mapped to apartment), Cabanas (mapped to chalet).",S5-029|S5-031
DEV059-P01,DEV059,Scene 7,New Administrative Capital,,residential,,,,unknown,,,sports courts|landscape,,,,,,Promoted as Egypt's first sports compound.,S5-033
DEV059-P02,DEV059,Podia Tower,New Administrative Capital,,commercial,,,,unknown,,,,,,,,,,S5-033
DEV059-P03,DEV059,D.O.S.E,North Coast,Ras El Hekma,coastal/resort,129.8,,,unknown,serviced apartment|chalet|twin house,,private beach|lagoon|hotel|mall|clubhouse|kids area,,,,,,125 feddans converted to acres (1 feddan = 1.038 acres); EGP 8bn investment; about EGP 5bn sold by Sept 2023; 450 m seafront; voco hotel with 300 serviced units.,S5-032|S5-034
DEV065-P01,DEV065,JEERA,Sheikh Zayed,,residential,,,,unknown,,,,,,,,,,S5-035
DEV065-P02,DEV065,JEWAR,Sheikh Zayed,13th district,residential,,,,delivered,apartment,,bbq area|swimming pools|kids area|sports club|landscape,,,,,,"100% handed over, 87% occupied.",S5-035|S5-036
DEV065-P03,DEV065,JEDAR,6th of October,,residential,43.5,,,partially delivered,standalone villa|twin house|duplex|penthouse,,clubhouse|kids area|landscape|commercial area,,,,,,63% occupied; clubhouse under construction; 82% of land for services and landscape.,S5-035|S5-037
DEV065-P04,DEV065,JUBAIL,6th of October,"First Heights, 26th of July Corridor",residential,,,,unknown,,,commercial area|landscape,,,,,,,S5-035|S5-038
DEV065-P05,DEV065,ATRIO,Sheikh Zayed,El Nozha main street,residential,,,,partially delivered,standalone villa|twin house,fully finished,clubhouse|commercial area|landscape,,,,,,Flagship; 83% handed over; clubhouse under construction.,S5-035|S5-039
DEV065-P06,DEV065,ALMA,Sheikh Zayed,Downtown Sheikh Zayed,residential,28.0,,,partially delivered,townhouse|twin house|standalone villa,,clubhouse|commercial area|landscape,,,,,,"168 units; 71% handed over, 22% occupied; family houses mapped to townhouse.",S5-035|S5-040
DEV065-P07,DEV065,The Axis,6th of October,,residential,,,,unknown,,,,,,,,,,S5-035
DEV065-P08,DEV065,The Trine,,,commercial,,,,unknown,,,,,,,,,,S5-035
DEV065-P09,DEV065,Nine Yards,,,commercial,,,,unknown,,,,,,,,,,S5-035
DEV065-P10,DEV065,MAJADA,Ain Sokhna,Galala mountain,coastal/resort,101.9,,,unknown,standalone villa|twin house|townhouse|chalet,,clubhouse|beach club|commercial area|hotel|kids area,,,,,,"1,711 residential keys in 289 buildings; 600 m coastline.",S5-035|S5-041
DEV071-P01,DEV071,Lasirena North Coast,North Coast,,coastal/resort,,,,unknown,,,,,,,,,,S5-042
DEV071-P02,DEV071,Lasirena Bay,,,coastal/resort,,,,unknown,,,,,,,,,,S5-042
DEV071-P03,DEV071,Lavento Oyoun Mousa,,Oyoun Mousa,coastal/resort,,,,unknown,,,,,,,,,,S5-042
DEV071-P04,DEV071,Oyoun Mousa,,Oyoun Mousa,coastal/resort,,,,unknown,,,,,,,,,,S5-042
DEV071-P05,DEV071,Palm Beach,,,coastal/resort,,,,unknown,,,,,,,,,,S5-042
DEV071-P06,DEV071,Mini Egypt Resort,,,coastal/resort,,,,unknown,,,,,,,,,,S5-042
DEV071-P07,DEV071,Lasirena Zafrana,Zafarana,,coastal/resort,,,,unknown,,,,,,,,,,S5-042
DEV071-P08,DEV071,Cape Bay,Ain Sokhna,,coastal/resort,,,,unknown,,,,,,,,,,S5-042
DEV071-P09,DEV071,Canan Capital,,,commercial,,,,unknown,,,,,,,,,,S5-042
DEV077-P01,DEV077,ELM Tree,6th of October,"Northern expansions, Boulevard Axis",mixed-use,60.2,2025.0,,launched,apartment|duplex,,clubhouse|swimming pools|sports courts|kids area|landscape,,,,,,"58 feddans converted to acres (1 feddan = 1.038 acres), 32 feddans residential; EGP 10bn investment; 30,000 sqm park; 10,000 sqm clubhouse.",S5-043|S5-044
DEV077-P02,DEV077,ELM Tree Commercial Park (The Gate),6th of October,,commercial,,,,unknown,,,,,,,,,Part of ELM Tree destination per official site.,S5-043
DEV089-P01,DEV089,Aljar British District,New Cairo,"Suez Road, opposite Madinaty Open Air Mall",mixed-use,72.7,2025.0,,under construction,apartment|serviced apartment,,hotel|hospital|university|swimming pools|gym|spa|clubhouse|commercial area,,,,,"5% down payment, up to 7 years (10% launch discount)","Sept 2025 article says 70+ feddans (converted, 1 feddan = 1.038 acres); May 2025 article says 46 feddans. EGP 20bn investment; phase one about 1,200 units; handover within 3 years. City recorded as New Cairo for the East Cairo Suez Road location.",S5-046|S5-047
DEV089-P02,DEV089,Aljar Sheraton,Cairo,Sheraton,residential,,,,delivered,,,,,,,,,,S5-046
DEV089-P03,DEV089,Aljar Suez Road,Cairo,Suez Road,residential,,,,delivered,,,,,,,,,,S5-046
DEV089-P04,DEV089,Valori El Thawra,Cairo,El Thawra,residential,,,,delivered,,,,,,,,,,S5-046
DEV089-P05,DEV089,Valori Smouha,Alexandria,Smouha,residential,,,,delivered,,,,,,,,,,S5-046
DEV089-P06,DEV089,Valori Maamoura,Alexandria,Maamoura,residential,,,,delivered,,,,,,,,,,S5-046
DEV096-P01,DEV096,Regent's Square,New Cairo,Golden Square,residential,25.0,,,unknown,studio|apartment|duplex|serviced apartment,,,,,,,,"Official page: 25 acres (106,533 m2); 41 buildings, 802 residential units plus 56 hotel apartments; buildings cover 23% of land.",S5-048|S5-049
DEV096-P02,DEV096,Regent's Park,,,residential,,,,unknown,,,,,,,,,,S5-048
DEV096-P03,DEV096,Landmark,,,residential,,,,unknown,,,,,,,,,,S5-048
DEV096-P04,DEV096,Address Capital,,,residential,,,,unknown,,,,,,,,,,S5-048
DEV096-P05,DEV096,Address North,,,residential,,,,unknown,,,,,,,,,,S5-048
DEV096-P06,DEV096,Address South,,,residential,,,,unknown,,,,,,,,,,S5-048
DEV096-P07,DEV096,Regent's High Street,,,mixed-use,,,,unknown,,,,,,,,,,S5-048
DEV106-P01,DEV106,205,West Cairo,,mixed-use,,,,unknown,,,,,,,,,Official site: mixed-use financial district with Holiday Inn Express (first in Egypt).,S5-050
DEV106-P02,DEV106,205 Towers,West Cairo,,administrative,,,,under construction,,,,,,,,,"Construction awarded to CCC and Badreldin, Sept 2024.",S5-050
DEV106-P03,DEV106,ONE33,West Cairo,,residential,,,,unknown,,,,,,,,,,S5-050
DEV106-P04,DEV106,Canal Walk Residence,West Cairo,,residential,,,,unknown,,,,,,,,,,S5-050
DEV106-P05,DEV106,Arkan,West Cairo,,residential,,,,unknown,,,,,,,,,,S5-050
DEV106-P06,DEV106,Kayan,West Cairo,,residential,,,,unknown,,,,,,,,,,S5-050
DEV113-P01,DEV113,Park Lane New Capital,New Administrative Capital,,mixed-use,,,,partially delivered,,,,,,,,,90% built; about 500 units delivered; commercial component to start operating.,S5-051
DEV113-P02,DEV113,West Leaves,West Cairo,,mixed-use,,,2028.0,under construction,apartment|serviced apartment,,,,,,,,About 900 units incl. 200 serviced hospitality units; 30% built; phase one target March 2028; first_delivery_year is a target.,S5-051
DEV113-P03,DEV113,101,East Cairo,,residential,,,2026.0,under construction,,,,,,,,,20% complete; 65 units targeted by end-2026 (target year).,S5-051
DEV113-P04,DEV113,Bay Side,Ras Sedr,,coastal/resort,,,2027.0,under construction,,,,,,,,,First deliveries expected Q1 2027 (target).,S5-051
DEV120-P01,DEV120,Acasa,New Cairo,Katameya,residential,5.2,,,launched,,,,,,,,,5 feddans converted to acres (1 feddan = 1.038 acres); boutique community.,S5-053
DEV120-P02,DEV120,Acasa Alma,New Cairo,Sixth Settlement,residential,16.6,2025.0,,launched,townhouse|duplex|apartment,,clubhouse|swimming pools|sports club|landscape,,,,,,16 feddans converted to acres (1 feddan = 1.038 acres); EGP 7bn investment; delivery four years from launch.,S5-054
DEV130-P01,DEV130,El Centro,New Administrative Capital,Downtown,commercial,1.3,,,delivered,,,,,,,,,"5,241 m2 plot converted to acres; 14-level tower plus 3 parking levels; operating per 2024 press.",S5-056|S5-057
DEV130-P02,DEV130,Evet Mall,New Administrative Capital,,commercial,,,,unknown,,,,,,,,,,S5-056
DEV130-P03,DEV130,Upmount,Ras Sedr,,coastal/resort,,,,unknown,,,,,,,,,,S5-056
DEV136-P01,DEV136,New Heliopolis City,New Heliopolis,,mixed-use,,2025.0,,launched,,,,,,,,,"City of 5,400+ feddans; self-development on 600 feddans with first phase launch expected summer 2025; other plots developed with SODIC, Mg Developments and Middle East for Investment under revenue sharing.",S5-058|S5-059
DEV136-P02,DEV136,Hadayek Al-Asima development,Hadayek Al-Asima,East Cairo,mixed-use,795.1,,,unknown,,,,,,,,,766 feddans converted to acres (1 feddan = 1.038 acres); announced June 2025.,S5-058
DEV136-P03,DEV136,Heliopark,East Cairo,,residential,1759.4,,,unknown,,,,,,,,,"7.12m sqm plot converted to acres; sold to NOSI for EGP 15bn (EGP 2,107 per sqm of land) in Q4 2023; no longer developed by HHD.",S5-059
DEV142-P01,DEV142,Gardenia Park,6th of October,,residential,,,,delivered,,,,,,,,,City inferred from official statement that IGI's legacy began with Gardenia and it introduced the first gated communities in 6th of October.,S5-060|S5-061
DEV142-P02,DEV142,Gardenia Park II,,,residential,,,,unknown,,,,,,,,,,S5-060|S5-061
DEV142-P03,DEV142,Gardenia Springs,,,residential,,,,unknown,,,,,,,,,,S5-060|S5-061
DEV142-P04,DEV142,Al Ashgar,,,residential,,,,unknown,,,,,,,,,,S5-060|S5-061
DEV142-P05,DEV142,Ashgar Heights,,,residential,,,,unknown,apartment,,,,,,,,Phases Starla and Skada.,S5-060|S5-061
DEV142-P06,DEV142,Ashgar City,,,mixed-use,,,,unknown,,,,,,,,,,S5-060
DEV142-P07,DEV142,City Central,,,commercial,,,,unknown,,,,,,,,,,S5-060
DEV142-P08,DEV142,Patterns,New Cairo,Fifth Settlement (Golden Triangle),commercial,,,,launched,,,,,,,,,"Joint project with Kulture Developments; offices, clinics and retail; delivery within 3 years.",S5-062
DEV142-P09,DEV142,West Cairo mixed-use project (Dahshur Link),6th of October,Dahshur Link,mixed-use,,,,unknown,,,,,,,,,"With Kulture; EGP 5bn; construction from Nov 2026, operation Q3 2029.",S5-061|S5-062
DEV148-P01,DEV148,J East,New Cairo,near 90th Street,residential,,,,unknown,,,,,,,,,"Hotel-style services (housekeeping, concierge).",S5-063
DEV148-P02,DEV148,Neo,New Cairo,,commercial,4.7,,,under construction,,,,,,,,,"4.5 feddans converted to acres (1 feddan = 1.038 acres); retail, clinics and offices; about 30% sold at launch; construction began May 2026.",S5-063|S5-064
DEV154-P01,DEV154,Maliv,,,residential,,,,launched,,,,,,,,,Location not stated in the allowed source; broker and Invest-Gate coverage place it in New Cairo Sixth Settlement.,S5-062
DEV154-P02,DEV154,Patterns,New Cairo,Fifth Settlement (Golden Triangle),commercial,,,,launched,,,,,,,,,Joint project with IGI Developments.,S5-062
DEV154-P03,DEV154,Patterns West (Dahshur Link),6th of October,Dahshur Link,mixed-use,,,,unknown,,,,,,,,,"With IGI; EGP 5bn; construction from Nov 2026, operation Q3 2029.",S5-062
DEV160-P01,DEV160,Liwan Residence,West Cairo,"Green Belt, Al-Wahat Road",residential,5.2,2026.0,,launched,standalone villa|twin house,,kids area|landscape,,,,,,5 feddans converted to acres (1 feddan = 1.038 acres); units 266 to 349 sqm.,S5-065
DEV167-P01,DEV167,ZIA Business Complex,New Administrative Capital,,administrative,,2021.0,,unknown,,,,,,,,,"Commercial, medical and administrative; WELL certified; investment EGP 1.5bn (press) vs EGP 1bn (official site).",S5-066|S5-067
DEV167-P02,DEV167,Oaks Egypt,New Administrative Capital,,mixed-use,,2022.0,,under construction,serviced apartment,,,,,,,,Hotel with Minor Hotels; EGP 3.5bn investment.,S5-066|S5-067
DEV167-P03,DEV167,Sheraton Residence,Mostakbal City,,residential,36.3,2024.0,,launched,serviced apartment,,,,,,,,35 feddans converted to acres (1 feddan = 1.038 acres); 190 residential units; 18% building coverage; EGP 15bn investment.,S5-066|S5-067
DEV167-P04,DEV167,Lusail Residence,,,residential,,,,unknown,,,,,,,,,,S5-067
DEV174-P01,DEV174,Nurai,New Cairo,"Lotus, Fifth Settlement",mixed-use,17.3,,,unknown,,,,,,,,,"70,000 m2 converted to acres; 400+ units.",S5-068
DEV174-P02,DEV174,VX Golden Square,New Cairo,Golden Square,mixed-use,,,,unknown,,,,,,,,,,S5-068
DEV174-P03,DEV174,VX N90,New Cairo,North 90th Street,commercial,,,,unknown,,,,,,,,,,S5-068
DEV174-P04,DEV174,Riverton,New Cairo,,residential,,,,launched,,,,,,,,,,S5-068
DEV174-P05,DEV174,Pavo Tower,New Administrative Capital,,commercial,,,,unknown,,,,,,,,,"16 floors, 600 units; site cites EGP 2bn sales.",S5-068
DEV174-P06,DEV174,Marsa,North Coast,,coastal/resort,,,,launched,,,,,,,,,,S5-068
DEV174-P07,DEV174,Dayz,North Coast,,coastal/resort,,,,unknown,,,,,,,,,,S5-068
DEV174-P08,DEV174,Memar Mekkah,,,residential,,,,unknown,,,,,,,,,,S5-068
DEV183-P01,DEV183,ECO West,6th of October,,mixed-use,120.0,2021.0,2024.0,under construction,apartment,,schools|sports club|gym|landscape,,press_reported,2021-03-09,800000.0,,"Egyptian Gazette: 120 acres, 20% built; Daily News Egypt describes 120 feddans. 3,800 units; EGP 2.5bn; starting price for an 80 sqm unit. first_delivery_year is the announced start.",S5-069|S5-070|S5-071
DEV183-P02,DEV183,Qena Gardens,Qena,,residential,207.6,,,under construction,,,,,,,,,"200 feddans converted to acres (1 feddan = 1.038 acres), four phases; 30 feddans underway in 2021.",S5-069
DEV190-P01,DEV190,VERT,New Zayed,,mixed-use,31.1,2025.0,,launched,standalone villa|twin house,,medical center|commercial area,,,,,,"30 feddans (about 126,000 sqm) converted to acres (1 feddan = 1.038 acres); 213 units; 15% commercial and services.",S5-072|S5-073
DEV190-P02,DEV190,Zayard Villa,New Zayed,,residential,,,,unknown,,,,,,,,,,S5-072
DEV190-P03,DEV190,Zayard Elite,New Zayed,,residential,,,,unknown,,,,,,,,,,S5-072
DEV190-P04,DEV190,Zayard Residence,New Zayed,,residential,,,,unknown,,,,,,,,,,S5-072
DEV190-P05,DEV190,Zayard Avenue,New Zayed,,residential,,,,unknown,,,,,,,,,,S5-072
DEV190-P06,DEV190,Zayard Trio,New Zayed,,residential,,,,unknown,,,,,,,,,,S5-072
DEV190-P07,DEV190,Zayard North Strike,New Zayed,,residential,,,,unknown,,,,,,,,,,S5-072
DEV197-P01,DEV197,NUZUL Family Residential,New Administrative Capital,,residential,,,,launched,,core and shell,,,,,,,,S5-074|S5-076
DEV197-P02,DEV197,HAVA,New Administrative Capital,R8,residential,,,,launched,,,,,,,,,,S5-074
DEV197-P03,DEV197,Nuzul Tower,New Administrative Capital,,mixed-use,,2025.0,,under construction,serviced apartment,,hotel|commercial area|underground parking,,,,,,15 floors plus 3 parking levels; EGP 3bn+; hotel by TIME Hotels.,S5-074|S5-075
DEV197-P04,DEV197,1BC (One Business Center),New Mansoura,,administrative,,,,unknown,,,,,,,,,,S5-074|S5-075
DEV197-P05,DEV197,Levora Residence,New Damietta,,residential,,,2023.0,delivered,,,,,,,,,,S5-074
DEV197-P06,DEV197,Nuzul Hotel and Residence,New Alamein,,coastal/resort,,,,under construction,,,,,,,,,,S5-074
DEV197-P07,DEV197,Nuzul Hotel Apartments,New Damietta,,residential,,,,under construction,serviced apartment,,,,,,,,,S5-074
DEV205-P01,DEV205,Valea,Sheikh Zayed,,mixed-use,,2025.0,,launched,apartment|penthouse,,mall|landscape,,,,,,EGP 3bn investment; mall on Cairo-Alexandria Desert Road; car-free interior.,S5-077|S5-078
DEV211-P01,DEV211,40 Square,New Administrative Capital,Residential Investors District,residential,41.5,2025.0,2026.0,launched,apartment,,,,,,,,"40+ feddans converted to acres (1 feddan = 1.038 acres); about 1,477 units; EGP 7bn+; first phase completion scheduled 2026 (target).",S5-079
DEV218-P01,DEV218,The MarQ Gardens,New Cairo,,residential,26.0,,2025.0,partially delivered,standalone villa|townhouse,,,,,,,,"Official site 26 acres; Daily News Egypt says 26 feddans. 300+ villas (Signature, Town and Absolute villas mapped to standalone villa and townhouse).",S5-080|S5-081
DEV218-P02,DEV218,The Water MarQ,New Cairo,,residential,20.0,,,under construction,standalone villa|townhouse,,lagoon,,,,,,,S5-080|S5-081
DEV218-P03,DEV218,The MarQ Ville,Mostakbal City,,residential,,,,unknown,standalone villa|townhouse,,,,,,,,Official site shows 34-50 acres (range as displayed); area left blank.,S5-080
DEV218-P04,DEV218,The Wonder MarQ,Mostakbal City,,residential,250.0,,,unknown,standalone villa,,,,,,,,"Sub-districts Streams, Lakes and Forest.",S5-080
DEV218-P05,DEV218,Marquette,Mostakbal City,,commercial,,,,unknown,,,,,,,,,,S5-080|S5-081
DEV226-P01,DEV226,V Terrace,New Cairo,Fifth Settlement,residential,,,,unknown,,,,,,,,,,S5-082
DEV226-P02,DEV226,The Square,El Shorouk,,commercial,,,,unknown,,,,,,,,,,S5-082
DEV226-P03,DEV226,Town Center,El Shorouk,,commercial,,,,delivered,,,,,,,,,,S5-082|S5-083
DEV226-P04,DEV226,Town Center 2,El Shorouk,,commercial,,2026.0,,launched,,,,,,,,"from 10% down payment, up to 100 months","Commercial, administrative and medical units.",S5-083
DEV226-P05,DEV226,Value Mall 1,El Shorouk,,commercial,,,,unknown,,,,,,,,,,S5-082
DEV226-P06,DEV226,Value Mall 2,New Cairo,Fifth Settlement,commercial,,,,unknown,,,,,,,,,,S5-082
DEV226-P07,DEV226,Maadi V,Cairo,Zahraa Al Maadi,mixed-use,,,,unknown,,,,,,,,,,S5-082
DEV233-P01,DEV233,FioRI,West Cairo,Middle Ring Road near Al Wahat and Fayoum roads,mixed-use,57.1,2026.0,,launched,apartment,semi-finished,commercial area|clubhouse|landscape|parking,18000.0,press_reported,2026-04-26,,"10% down payment, up to 10 years","55 feddans converted to acres (1 feddan = 1.038 acres). Price: launch-offer level of about EGP 18,000 per sqm; base list range EGP 24,000-30,000 per sqm. Phase one 25-30 buildings, about 850 units of 70-182 sqm, delivery within 24 months; EGP 10bn+.",S5-084
DEV257-P01,DEV257,New Capital mixed-use project (unnamed),New Administrative Capital,,mixed-use,,,,unknown,serviced apartment,,,,,,,,"About EGP 1bn; offices, retail and serviced apartments; construction from 2026.",S5-085
DEV266-P01,DEV266,Prime Plaza Mall October,6th of October,"Central Axis, near Monorail station",mixed-use,1.4,2026.0,,launched,serviced apartment,,,,,,,,"5,520 sqm converted to acres; ground plus six floors; hospitality suites, retail, clinics, offices; units from 24 sqm; EGP 2.5bn; delivery within 36 months of launch.",S5-087
DEV278-P01,DEV278,Jeval Business Complex,New Administrative Capital,Downtown,mixed-use,0.9,,,under construction,serviced apartment,,,,,,,,"3,600 sqm converted to acres; 12 floors; retail, offices and hotel apartments managed by Retaj.",S5-089
DEV278-P02,DEV278,Garden Hills October,6th of October,,residential,,,,unknown,,,,,,,,,,S5-089
DEV278-P03,DEV278,Al Safwa Hospital,,,commercial,,,,unknown,,,,,,,,,,S5-089
DEV278-P04,DEV278,Olympic City,,Al Sokhna Road,residential,,,,unknown,,,,,,,,,Source gives Al Sokhna Road only.,S5-089
DEV278-P05,DEV278,New Ismailia City redevelopment,Ismailia,,mixed-use,,,,unknown,,,,,,,,,,S5-089
DEV006-P01,DEV006,Uptown Cairo,Cairo,Mokattam,mixed-use,,,,unknown,,,,,,,,,Listed in Emaar Misr portfolio by press,S6-006
DEV006-P02,DEV006,Mivida,New Cairo,,mixed-use,,,,unknown,,,,,,,,,Listed in Emaar Misr portfolio by press,S6-006
DEV006-P03,DEV006,Mivida Gardens,Mostakbal City,East Cairo,residential,519.0,2025.0,,under construction,standalone villa|townhouse|apartment,,,,,,,,"500 feddans converted at 1.038 acres per feddan (2.1m sqm); investment EGP 100bn+; construction began Oct 2025; villas from 209 sqm, townhouses from 169 sqm, apartments from 93 sqm (new district from 80 sqm); EGP 12bn contracts awarded",S6-006|S6-007
DEV006-P04,DEV006,Cairo Gate,Sheikh Zayed,Cairo-Alexandria Desert Road,mixed-use,,,,unknown,,,,,,,,,Listed in Emaar Misr portfolio by press,S6-006
DEV006-P05,DEV006,Belle Vie,New Zayed,West Cairo,residential,519.0,,,partially delivered,standalone villa|townhouse|apartment,,schools|sports courts|clubhouse,,,,,,500 feddans converted at 1.038 acres per feddan; investment EGP 63bn; deliveries commenced and continue through end-2026; AIS West Cairo campus (2027) and social and sports club (end 2026); new launch Q1 2026,S6-006
DEV006-P06,DEV006,Marassi,North Coast,Sidi Abdel Rahman,coastal/resort,,,,unknown,,,,,,,,,Listed in Emaar Misr portfolio by press,S6-006
DEV006-P07,DEV006,Soul,North Coast,,coastal/resort,,,,unknown,,,,,,,,,Listed in Emaar Misr portfolio by press,S6-006
DEV006-P08,DEV006,Marassi Red Sea,Red Sea,,coastal/resort,,,,unknown,,,,,,,,,Listed in Emaar Misr portfolio by press,S6-006
DEV012-P01,DEV012,IL Monte Galala,Ain Sokhna,Galala,coastal/resort,565.7,,,unknown,chalet|townhouse|standalone villa|twin house|penthouse|apartment,,marina|lagoon|hotel|promenade|spa,,,,,,"545 feddans converted at 1.038 acres per feddan; official site shows completion 2030; includes IL Monte Galala Marina Towers phase (studios, lofts, chalets, 60-450 sqm)",S6-008|S6-009
DEV012-P02,DEV012,Fouka Bay,North Coast,Ras El Hekma,coastal/resort,220.0,,,unknown,,,,,,,,,,S6-009
DEV012-P03,DEV012,D-Bay,North Coast,,coastal/resort,207.6,,,unknown,,,,,,,,,200 feddans converted at 1.038 acres per feddan,S6-008|S6-009
DEV012-P04,DEV012,Salt,North Coast,Ras El Hekma,coastal/resort,311.4,,,unknown,chalet|studio|townhouse,,marina,,,,,,300 feddans converted at 1.038 acres per feddan; Salt Marina phase units 50-145 sqm,S6-008|S6-009
DEV012-P05,DEV012,Bloomfields,Mostakbal City,East Cairo,mixed-use,430.8,,,unknown,,,schools,,,,,,"415 feddans converted at 1.038 acres per feddan, including 90 acres educational zone",S6-008|S6-009
DEV012-P06,DEV012,Rivers,New Zayed,West Cairo,residential,103.8,,,unknown,,,,,,,,,100 feddans converted at 1.038 acres per feddan,S6-008|S6-009
DEV018-P01,DEV018,Azha Ain Sokhna,Ain Sokhna,Red Sea,coastal/resort,400.0,,,unknown,chalet|standalone villa|townhouse,,lagoon|beach|gym|landscape|hotel,,advertised_starting,2026-09-22,37000000.0,"5% down payment, 8 years","1,800+ units; 52-acre lagoon; 700 m private beach",S6-013|S6-014
DEV018-P02,DEV018,Azha Ras El Hekma,North Coast,Ras El Hekma,coastal/resort,250.0,,,launched,,,lagoon|beach|hotel|commercial area,,advertised_starting,2026-09-22,34000000.0,"5% down payment, 10 years",Km 214 Alexandria-Matrouh road; investment EGP 20bn; 45 acres lagoons; phase 1 sold out in 48 hours,S6-013|S6-014
DEV018-P03,DEV018,Kinz,New Zayed,Cairo-Alexandria Desert Road,residential,207.6,2025.0,,launched,apartment|twin house|townhouse|standalone villa|serviced apartment,,hotel|commercial area|sports courts|clubhouse|landscape,,advertised_starting,2026-09-22,9000000.0,"5% down payment, 10 years","Area conflict: Daily News Egypt June 2025 says 200 feddans (converted at 1.038 = 207.6 acres), Sept 2025 says 200 acres; ~1,500 units; investment EGP 30bn; 65-acre car-free park",S6-012|S6-013|S6-014
DEV024-P01,DEV024,NEWGIZA,6th of October,Cairo-Alexandria Desert Road,mixed-use,1500.0,,,partially delivered,apartment|townhouse|twin house|standalone villa,,golf course|hotel|sports courts|clubhouse|commercial area|hospital|schools|landscape,,,,,,"Neighbourhoods: Carnell Park, District One, The Grove, Westridge, Jasperhill, Ivoryhill, Amberville, Kingsrange, Goldcliff, Sky Lakes, The Forty4; phases 1-3 completed",S6-015|S6-016|S6-017
DEV030-P01,DEV030,Baymount,Ain Sokhna,Red Sea,coastal/resort,78.9,2020.0,,unknown,,,,,,,,,"76 feddans converted at 1.038 acres per feddan; 1,756 units; investment EGP 4bn",S6-018
DEV030-P02,DEV030,Cali Coast,North Coast,Ras El Hekma,coastal/resort,238.7,2021.0,,unknown,,,,,,,,,"230 feddans converted at 1.038 acres per feddan; 2,500 units; investment EGP 15bn",S6-019
DEV036-P01,DEV036,Talda,Mostakbal City,East Cairo,residential,,,,unknown,,,,,,,,,"Existence from broker page only; broker figures (30 acres, 2026 delivery) not used",S6-021
DEV036-P02,DEV036,El Massaya,New Cairo,,residential,,,,unknown,apartment|standalone villa,,swimming pools|landscape,,,,,,"Government blog only, uncorroborated",S6-020
DEV036-P03,DEV036,Royal Hills,6th of October,,residential,,,,unknown,standalone villa|apartment,,schools|commercial area,,,,,,"Government blog only, uncorroborated",S6-020
DEV036-P04,DEV036,Business Park Plaza,Cairo,,administrative,,,,unknown,,,,,,,,,"Government blog only, uncorroborated",S6-020
DEV036-P05,DEV036,Cairo Retail Center,Cairo,,commercial,,,,unknown,,,,,,,,,"Government blog only, uncorroborated",S6-020
DEV036-P06,DEV036,Skyline City,Alexandria,,mixed-use,,,,unknown,,,,,,,,,"Government blog only, uncorroborated",S6-020
DEV036-P07,DEV036,Green Valley,Cairo,,residential,,,,unknown,,,,,,,,,"Government blog only, uncorroborated",S6-020
DEV042-P01,DEV042,Ons,New Zayed,near Sphinx Airport,residential,87.2,2025.0,2029.0,launched,apartment|townhouse|twin house|standalone villa|serviced apartment,,clubhouse|commercial area|sports courts|mosque|hotel,,,,,,"84 feddans converted at 1.038 acres per feddan; 1,012 units; investment EGP 13.5bn; apartments 60-200 sqm, villas 160-297 sqm; 4 phases",S6-022|S6-023
DEV042-P02,DEV042,Koun,North Coast,"Ras El Hekma, Km 201",coastal/resort,114.2,,2027.0,under construction,chalet|townhouse|twin house|standalone villa,,,,,,,,"110 feddans converted at 1.038 acres per feddan; 1,500+ units; phase 1 30% complete (May 2025)",S6-022|S6-023
DEV042-P03,DEV042,Asayla,,,residential,,,,unknown,,,,,,,,,Listed on website; press places Asayla in Upper Egypt (unverified),S6-022
DEV042-P04,DEV042,Asayla Views,,,residential,,,,unknown,,,,,,,,,,S6-022
DEV042-P05,DEV042,Asayla Medical Park,,,commercial,,,,unknown,,,,,,,,,Medical project,S6-022
DEV042-P06,DEV042,Central Avenue,,,commercial,,,,unknown,,,,,,,,,,S6-022
DEV042-P07,DEV042,Green 6,,,residential,,,,partially delivered,,,,,,,,,Website: phase 1 delivered,S6-022
DEV042-P08,DEV042,Green 5,,,residential,,,,unknown,,,,,,,,,,S6-022
DEV042-P09,DEV042,Green 4,,,residential,,,,unknown,,,,,,,,,,S6-022
DEV042-P10,DEV042,The Block,,,mixed-use,,,,unknown,,,,,,,,,,S6-022
DEV048-P01,DEV048,New Kairo,Al Shorouk City,East Cairo,mixed-use,,,,launched,,,sports courts|hotel|schools|golf course|clubhouse|hospital|commercial area,,,,,,"Official site: downtown, hotels, international schools, golf courses, medical hub; weak .co site advertises Neon Views villas fully finished from EGP 18.3M (not used)",S6-024|S6-025|S6-026
DEV048-P02,DEV048,Seashell Ras El Hekma,North Coast,Ras El Hekma,coastal/resort,,,,launched,,,,,,,,,Weak .co site advertises lagoon and sea view units from EGP 14.5M (not used as sole source),S6-024|S6-026
DEV048-P03,DEV048,Playa Ras El Hekma,North Coast,Ras El Hekma,coastal/resort,,,,unknown,,,,,,,,,,S6-024
DEV048-P04,DEV048,Playa,North Coast,,coastal/resort,,,,unknown,,,,,,,,,,S6-024
DEV048-P05,DEV048,Seashell,North Coast,,coastal/resort,,,,unknown,,,,,,,,,,S6-025
DEV048-P06,DEV048,Art Life,6th of October,,residential,,,,unknown,,,,,,,,,Named only as the brand in The Board Consulting ranking 'G Developments (Art Life)',S6-001
DEV054-P01,DEV054,Royal Meadows,Sheikh Zayed,,mixed-use,240.0,,,unknown,standalone villa|townhouse,,hotel|commercial area|landscape,,,,,,Government blog: 240+ acres,S6-027
DEV054-P02,DEV054,La Fontaine,New Cairo,Golden Square,residential,,,,unknown,,,clubhouse|commercial area|landscape,,,,,,,S6-027
DEV054-P03,DEV054,Lavande,6th of October,,residential,,,,unknown,townhouse|twin house,,clubhouse|landscape,,,,,,,S6-027
DEV054-P04,DEV054,Lagoon Village,North Coast,,coastal/resort,,,,unknown,standalone villa|chalet,,lagoon,,,,,,,S6-027
DEV054-P05,DEV054,CityStars Al Sahel,North Coast,,coastal/resort,,,,unknown,,,beach|lagoon,,,,,,Attribution to ARCO from government blog only; uncorroborated,S6-027
DEV060-P01,DEV060,Keystone,New Cairo,"South 90th Street, opposite AUC",administrative,,,2026.0,under construction,,,,,,,,,"Area conflict: website 7,000 sqm, 4 buildings, 240 office units, delivery Oct 2026; Daily News Egypt 37,000 sqm mixed-use, EGP 20bn",S6-028|S6-029
DEV060-P02,DEV060,N Residence,New Cairo,90 Avenue,residential,10.0,,2027.0,under construction,apartment|duplex,,,,,,,,379 units,S6-029
DEV060-P03,DEV060,90 Avenue,New Cairo,90th Street,residential,50.0,,2027.0,under construction,,,,,,,,,"1,306 units",S6-029
DEV060-P04,DEV060,Key of Greens,Sheikh Zayed,"Cairo-Alexandria Desert Road Km 47, opposite Sphinx Airport",residential,50.0,2025.0,2028.0,launched,standalone villa|apartment,,,,,,,,"Website 50 acres, 300 villas; Daily News Egypt 212,000 sqm (52.4 acres), 192 villas and 300 residential units, EGP 20bn",S6-028|S6-029
DEV060-P05,DEV060,Heliopolis project (unnamed),Cairo,Heliopolis,mixed-use,9.3,2025.0,,launched,apartment|serviced apartment,,,,,,,,"9 feddans converted at 1.038 acres per feddan; 1,200 residential and serviced apartments, 560 admin units, 90 commercial; BUA 243,400 sqm; EGP 12bn",S6-028
DEV066-P01,DEV066,Mera Bay Resort,North Coast,,coastal/resort,,,,unknown,,,,,,,,,,S6-030
DEV066-P02,DEV066,Mera Bay Ras El-Hekma,North Coast,Ras El Hekma,coastal/resort,,,,unknown,,,,,,,,,,S6-030
DEV066-P03,DEV066,Mera City Center,,,commercial,,,,unknown,,,,,,,,,,S6-030
DEV066-P04,DEV066,Bota Park 1,Cairo,Heliopolis,residential,,,,unknown,,,,,,,,,10 buildings,S6-030
DEV066-P05,DEV066,Bota Park,Al Shorouk City,,residential,,,,unknown,,,,,,,,,,S6-030
DEV066-P06,DEV066,Miro Land Farms,North Coast,South El Alamein,residential,,,,unknown,,,,,,,,,Agricultural/recreational,S6-030
DEV066-P07,DEV066,Miral City Compound,Badr City,,residential,,,,unknown,,,,,,,,,,S6-030
DEV066-P08,DEV066,Plaza Compound,New Gesr El Suez City,,residential,,,,unknown,,,,,,,,,,S6-030
DEV066-P09,DEV066,Shubra Towers,Cairo,Shubra,residential,,,,unknown,,,,,,,,,,S6-030
DEV072-P01,DEV072,Beta Gardens,,,residential,,,,unknown,,,,,,,,,,S6-033
DEV072-P02,DEV072,Beta Greens October,6th of October,,residential,,,,unknown,,,,,,,,,,S6-033
DEV072-P03,DEV072,Beta Greens Mostakbal City,Mostakbal City,,residential,,,,unknown,,,,,,,,,,S6-033
DEV072-P04,DEV072,Golf Residence,,,residential,,,,unknown,,,,,,,,,,S6-033
DEV072-P05,DEV072,Beta Residence,,,residential,,,,unknown,,,,,,,,,,S6-033
DEV072-P06,DEV072,Beta Sporting Club,,,commercial,,,,unknown,,,,,,,,,,S6-033
DEV072-P07,DEV072,Golf Corner,,,commercial,,,,unknown,,,,,,,,,,S6-033
DEV078-P01,DEV078,Park Lane,New Administrative Capital,,residential,,,,unknown,,,,,,,,,,S6-034
DEV078-P02,DEV078,West Leaves,Sheikh Zayed,,mixed-use,,,,launched,,,,,,,,,"Zawya places it in 6th of October, rebrand press in Sheikh Zayed; investment EGP 7bn",S6-034|S6-035
DEV078-P03,DEV078,The 101,Mostakbal City,,mixed-use,,,,unknown,,,,,,,,,,S6-034
DEV078-P04,DEV078,Bayside,Ras Sedr,,coastal/resort,,,,unknown,,,,,,,,,,S6-034
DEV090-P01,DEV090,Zizinia El Mostakbal,Mostakbal City,,residential,70.0,,2024.0,partially delivered,,,,,,,,,"2,400+ units; phase 1 30 acres delivered from Q3 2024; phase 2 38 acres",S6-036|S6-038
DEV090-P02,DEV090,Zizinia New Cairo,New Cairo,,residential,,,,unknown,,,,,,,,,,S6-036|S6-038
DEV090-P03,DEV090,Zizinia Rose,,,residential,,,,unknown,,,,,,,,,,S6-036|S6-038
DEV090-P04,DEV090,Zizinia Gardens,,,residential,,,,unknown,,,,,,,,,,S6-036|S6-038
DEV090-P05,DEV090,Zizinia Flowers,Al Shorouk City,,residential,,,,unknown,,,,,,,,,,S6-036|S6-038
DEV090-P06,DEV090,Mazar Mall,Giza,El Haram,commercial,,,,unknown,,,,,,,,,,S6-036|S6-038
DEV097-P01,DEV097,Three.14,New Cairo,,mixed-use,,,,unknown,,,,,,,,,,S6-040
DEV097-P02,DEV097,Golden Tower 1,New Administrative Capital,,commercial,,,,delivered,,,,,,,,,Among first completed projects in New Capital,S6-039|S6-040
DEV097-P03,DEV097,Golden Tower 2,New Administrative Capital,,commercial,,,,unknown,,,,,,,,,,S6-040
DEV097-P04,DEV097,New Capital hotel mixed-use project (unnamed),New Administrative Capital,,mixed-use,,,,launched,,,hotel,,,,,,Radisson-managed hotel component; name not given,S6-039
DEV107-P01,DEV107,REFAD,New Cairo,"Beit Al-Watan, District 8, Golden Square",residential,7.0,2026.0,2028.0,launched,studio|apartment,,,,,,,,Units 50-195 sqm; smart home; handover target Q4 2028,S6-041
DEV107-P02,DEV107,New Mansoura Mall,New Mansoura,,commercial,,,,under construction,,,,,,,,,Completion expected Q1 2027,S6-041
DEV107-P03,DEV107,LAVIDA New Mansoura,New Mansoura,,residential,,,2028.0,under construction,,,,,,,,,,S6-041
DEV107-P04,DEV107,Mashreq Project,,,residential,,,,launched,,,,,,,,,Location undisclosed; construction to start 2026,S6-041
DEV107-P05,DEV107,Arkania Business Hub,,,administrative,,,,unknown,,,,,,,,,Operations planned Q2 2026,S6-041
DEV114-P01,DEV114,Lake House,Obour City,"Axis Line 10, opposite District 8 villas",residential,9.9,2025.0,,launched,apartment|duplex,,clubhouse|swimming pools|lagoon|landscape|kids area|security gates,,,,,"15% down payment, up to 6 years",9.5 feddans converted at 1.038 acres per feddan; units 136-350 sqm; phase 2 launched June 2026,S6-042
DEV122-P01,DEV122,Obsidier Tower,New Administrative Capital,,mixed-use,,,2026.0,under construction,,,,,,,,,"3-storey mall and three 26-storey towers; 900 units (offices, stores, clinics, hotel rooms); EGP 5bn",S6-043
DEV122-P02,DEV122,Capital Dubai Mall,New Administrative Capital,,commercial,,,,under construction,,,,,,,,,60% complete at time of Zawya article,S6-043
DEV131-P01,DEV131,Montania Gate,Sheikh Zayed,"next to Cairo Gate, opposite Dandy Mall",mixed-use,14.8,2026.0,,launched,studio|apartment|duplex|penthouse,,commercial area|clubhouse|sports courts|mosque|landscape,,,,,,"60,000 sqm converted to acres; units 60-260 sqm; delivery target 3.5 years",S6-044|S6-045
DEV131-P02,DEV131,Montania Gardens,Sheikh Zayed,,residential,,,,under construction,,,,,,,,,,S6-044|S6-045
DEV131-P03,DEV131,Montania Compound,,,residential,,,,unknown,,,,,,,,,,S6-045
DEV131-P04,DEV131,Montania Park,,,residential,,,,unknown,,,,,,,,,,S6-045
DEV131-P05,DEV131,Montania Elite,,,residential,,,,unknown,,,,,,,,,,S6-045
DEV131-P06,DEV131,Mecca Al-Mukarramah Tower,,,mixed-use,,,,unknown,,,,,,,,,,S6-045
DEV131-P07,DEV131,Al-Madina Al-Munawwara Tower,,,mixed-use,,,,unknown,,,,,,,,,,S6-045
DEV131-P08,DEV131,Amal Plaza Tower,,,mixed-use,,,,unknown,,,,,,,,,,S6-045
DEV131-P09,DEV131,Rawdat Al-Imam Tower,,,mixed-use,,,,unknown,,,,,,,,,,S6-045
DEV131-P10,DEV131,Eman Tower,,,mixed-use,,,,unknown,,,,,,,,,,S6-045
DEV131-P11,DEV131,Tanta Towers,Tanta,,mixed-use,,,,unknown,,,,,,,,,,S6-045
DEV137-P01,DEV137,Barah Residence,Hadayek October,West Cairo,residential,8.3,2026.0,,launched,apartment|serviced apartment,,commercial area|hotel|swimming pools|kids area|landscape,,,,,Up to 10 years,"8 feddans converted at 1.038 acres per feddan; 350 units in 16 buildings, 70-170 sqm; serviced units 35-45 sqm; EGP 3bn",S6-046
DEV137-P02,DEV137,Centro Mall,,,commercial,,,,unknown,,,,,,,,,,S6-046
DEV137-P03,DEV137,Parco Mall,,,commercial,,,,unknown,,,,,,,,,,S6-046
DEV137-P04,DEV137,Casa Mall,,,commercial,,,,unknown,,,,,,,,,,S6-046
DEV137-P05,DEV137,Strip Mall,,,commercial,,,,unknown,,,,,,,,,,S6-046
DEV143-P01,DEV143,Illume Residence,New Cairo,Sixth Settlement,residential,18.2,2026.0,,launched,apartment,,landscape,,,,,,17.5 feddans converted at 1.038 acres per feddan; ground plus 7 floors; EGP 4.5bn; completion within 3 years,S6-047
DEV149-P01,DEV149,Chapters,New Administrative Capital,R8,residential,34.3,2026.0,,launched,apartment|duplex,,clubhouse|sports courts|landscape|mosque|hotel,,,,,,33 feddans converted at 1.038 acres per feddan; units 71-316 sqm; EGP 10bn+; Hotel Indigo,S6-048|S6-049
DEV149-P02,DEV149,Garnet Residence,New Cairo,,residential,,,,under construction,,,,,,,,,,S6-048|S6-049
DEV149-P03,DEV149,A49,New Cairo,,residential,,,,unknown,,,,,,,,,,S6-049
DEV149-P04,DEV149,Mini Compound Hailina,New Cairo,,residential,,,,unknown,,,,,,,,,,S6-049
DEV149-P05,DEV149,Residential Buildings and Mini Compounds,New Cairo,,residential,,,,unknown,,,,,,,,,,S6-049
DEV149-P06,DEV149,Red(G),New Cairo,,commercial,,,,under construction,,,,,,,,,,S6-048|S6-050
DEV149-P07,DEV149,Code,New Administrative Capital,,commercial,,,,under construction,,,,,,,,,,S6-048|S6-050
DEV149-P08,DEV149,Obex,New Administrative Capital,,administrative,,,,under construction,,,,,,,,,,S6-048|S6-050
DEV155-P06,DEV155,3sixty,,,residential,,,,unknown,,,,,,,,,,S6-051
DEV155-P07,DEV155,There,,,residential,,,,unknown,,,,,,,,,,S6-051
DEV155-P08,DEV155,W The Residences Cairo,New Cairo,,residential,,,,unknown,,,,,,,,,Part of ONE NINETY,S6-051|S6-053
DEV162-P01,DEV162,Mostakbal City,Mostakbal City,New Cairo,mixed-use,,,,unknown,,,,,,,,,MIDAR is master developer,S6-054
DEV162-P02,DEV162,Mada,New Cairo,,mixed-use,568.3,2026.0,,launched,,,,,,,,,"Area is the 2.3 sq km Majid Al Futtaim revenue-share community inside Mada, converted to acres; phase 1 840,000 sqm with about 6,000 units over 4 years",S6-054
DEV168-P01,DEV168,Shababeek,New Cairo,Fifth Settlement,residential,15.6,2024.0,,launched,,,kids area|swimming pools|landscape|lagoon,,,,,,"15 feddans converted at 1.038 acres per feddan; EGP 6bn+; 82% green and water, 18% built",S6-055
DEV175-P01,DEV175,La Reva Signature Residence,New Administrative Capital,R8,mixed-use,,,,launched,apartment|standalone villa,,hotel|commercial area,,,,,,"Apartments, sky villas, ground villas; new phase 2026",S6-057
DEV175-P02,DEV175,East Cairo mixed-use project (unnamed),East Cairo,,mixed-use,,2025.0,,launched,,,hotel|commercial area,,,,,,EGP 60bn planned investment; name not given in article,S6-056
DEV184-P01,DEV184,LAYAL Residence,New Administrative Capital,R8,residential,39.4,2026.0,,launched,apartment|duplex|townhouse|twin house,,landscape|lagoon|clubhouse|swimming pools|sports courts|security gates|commercial area,,,,,Up to 12 years,38 feddans converted at 1.038 acres per feddan; up to 8 floors; delivery within 4 years,S6-058|S6-059
DEV184-P02,DEV184,Qamari,New Administrative Capital,R8,residential,,,,unknown,,,,,,,,,,S6-059
DEV184-P03,DEV184,Trave Business Complex,New Administrative Capital,Downtown,administrative,,,,unknown,,,,,,,,,,S6-059
DEV184-P04,DEV184,H Mall,New Administrative Capital,Downtown,commercial,,,,unknown,,,,,,,,,,S6-059
DEV191-P01,DEV191,Ozel Villas,Sheikh Zayed,"Al Nozha Street, opposite Al Rabwa",residential,,2026.0,,launched,standalone villa,,,,,,,Up to 8 years,Villas up to 247 sqm; completion within 3 years,S6-060
DEV191-P02,DEV191,Ozel Residences,Sheikh Zayed,"Al Nozha Street, opposite Al Rabwa",residential,,2026.0,,launched,apartment,,,,,,,Up to 8 years,Apartments from 132 sqm; completion within 3 years,S6-060
DEV198-P01,DEV198,Ramatan Compound,New Administrative Capital,"R8, plot H1",residential,20.0,,2025.0,delivered,apartment|standalone villa,fully finished,,,,,,"Up to 10 years (NBE, 2026); up to 12 years (Feb 2025)",Apartments 60-190 sqm; website still says under development but NBE (July 2026) markets units ready for immediate delivery,S6-061|S6-062|S6-063
DEV198-P02,DEV198,Capital Mark,New Administrative Capital,,commercial,,,,unknown,,,,,,,,,,S6-063
DEV206-P01,DEV206,OC,New Cairo,"Plot 1, Suez Road",mixed-use,4.0,2025.0,,launched,,,,,,,,,"16,339 sqm converted to acres; BUA 57,000 sqm; five buildings; administrative, medical, commercial and entertainment",S6-064
DEV212-P01,DEV212,Sage Lakes Residence,New Administrative Capital,R8,residential,34.3,2025.0,,launched,studio|duplex|standalone villa|apartment,,lagoon|commercial area|mosque,,,,,"2.5% down payment, 10 years",33 feddans converted at 1.038 acres per feddan; units up to 258 sqm; EGP 15bn; construction from Q1 2026,S6-065
DEV212-P02,DEV212,Squares project 1 (name not found),New Administrative Capital,,residential,,,,unknown,,,,,,,,,Inferred from 'third project' wording,S6-065
DEV212-P03,DEV212,Squares project 2 (name not found),New Administrative Capital,,residential,,,,unknown,,,,,,,,,Inferred from 'third project' wording,S6-065
DEV219-P01,DEV219,Aster Residence,New Cairo,Golden Square,residential,35.3,,2026.0,under construction,apartment|duplex|penthouse,,commercial area|landscape,,,,,,"34 feddans converted at 1.038 acres per feddan; ~1,200 units 55-300 sqm; 16,000 sqm commercial/admin; 15% built-up",S6-066
DEV219-P02,DEV219,Avelin,New Cairo,adjacent to Al Rehab City,mixed-use,21.8,,,under construction,,,commercial area,,,,,,21 feddans converted at 1.038 acres per feddan; Avelin Residence plus Mall T Hub; released units 60% built,S6-066
DEV228-P01,DEV228,Aurevia Community,New Cairo,Sixth Settlement,mixed-use,19.7,2026.0,,launched,apartment|duplex|penthouse|serviced apartment,,mosque|clubhouse|swimming pools|sports courts|commercial area|hotel,,,,,,"19 feddans converted at 1.038 acres per feddan (about 80,000 sqm); 14 buildings G+8; EGP 5bn investment, EGP 8bn sales target",S6-067|S6-068
DEV228-P02,DEV228,I Sheraton,Cairo,"Heliopolis, Sheraton",residential,1.1,,2026.0,under construction,apartment,,,,,,,,"4,650 sqm converted to acres; 188 units 87-207 sqm in 5 buildings; 80% built",S6-068
DEV228-P03,DEV228,Capella Residence,Cairo,"Maadi, El Merag El Sofli",residential,2.3,2025.0,,launched,apartment,,,,,,,,"9,227 sqm converted to acres; ~280 units 85-187 sqm in 15 buildings; with IMS Developments and Nasr Housing and Development",S6-068
DEV236-P01,DEV236,Finsquare Mall,New Administrative Capital,Financial District,commercial,,,,unknown,,,,,,,,,,S6-069
DEV236-P02,DEV236,New Capital residential neighbourhoods (unnamed),New Administrative Capital,,residential,,,,unknown,,,,,,,,,,S6-069
DEV236-P03,DEV236,El Galala development,Ain Sokhna,,mixed-use,,,,unknown,,,,,,,,,Since 2016; role (contractor vs developer) unclear,S6-069
DEV259-P01,DEV259,Vienna Compound,,,residential,,,,unknown,,,,,,,,,,S6-070
DEV259-P02,DEV259,Malaga Compound,,,residential,,,,unknown,,,,,,,,,,S6-070
DEV259-P03,DEV259,Triumph Pyramids Hotel,Giza,,commercial,,,,launched,,,,,,,,,,S6-070
DEV259-P04,DEV259,Civil Seven,,,commercial,,,,unknown,,,,,,,,,,S6-070
DEV259-P05,DEV259,LVL Mall,,,commercial,,,,unknown,,,,,,,,,,S6-070
DEV259-P06,DEV259,Square One Mall,,,commercial,,,,unknown,,,,,,,,,,S6-070
DEV259-P07,DEV259,Sun Gate Mall,,,commercial,,,,unknown,,,,,,,,,,S6-070
DEV259-P08,DEV259,Arka Mall,,,commercial,,,,unknown,,,,,,,,,,S6-070
DEV259-P09,DEV259,Galaxy Mall,,,commercial,,,,unknown,,,,,,,,,,S6-070
DEV259-P10,DEV259,Hub Point Street Mall,,,commercial,,,,unknown,,,,,,,,,,S6-070
DEV259-P11,DEV259,Station 9 Mall,,,commercial,,,,unknown,,,,,,,,,,S6-070
DEV267-P01,DEV267,Radix B2,New Cairo,,residential,,,,unknown,,,,,,,,,,S6-071
DEV267-P02,DEV267,Agile Business Complex,New Administrative Capital,,administrative,,,,unknown,,,,,,,,,,S6-071
DEV267-P03,DEV267,Spinner Towers,New Administrative Capital,,residential,,,,unknown,,,,,,,,,,S6-071
DEV267-P04,DEV267,Ray Residence,New Administrative Capital,,residential,,,,unknown,,,,,,,,,,S6-071
DEV279-P01,DEV279,VERS Commercial Arena,New Cairo,Al Gezira Axis x Gamal Abdel Nasser Axis,commercial,,2026.0,,launched,,fully finished|core and shell,,,,,,Up to 8 years,"EGP 4bn; units from 30 sqm; admin and medical fully finished, retail core and shell; with Makyn Developments",S6-072
