source_id,url,publisher,title,accessed_date,quality,notes
S1-001,https://www.mountainviewegypt.com/,Mountain View,Mountain View home page,2026-09-22,primary,project list and '23 projects' claim
S1-002,https://www.mountainviewegypt.com/projects,Mountain View,Mountain View projects page,2026-09-22,primary,24 projects with location and category
S1-003,https://en.wikipedia.org/wiki/Mountain_View_(Egypt),Wikipedia,Mountain View (Egypt),2026-09-22,secondary,"founding year, legal name, historic sales"
S1-004,https://www.dailynewsegypt.com/2025/03/11/mountain-view-targets-egp-150bn-in-sales-in-2025/,Daily News Egypt,Mountain View targets EGP 150bn in sales in 2025,2026-09-22,primary,"over 6,000 feddans secured; top three for fourth year"
S1-005,https://egyptian-gazette.com/business/major-developer-secures-top-rankings-in-2025-with-record-deliveries-and-sales/,Egyptian Gazette,Major developer secures top rankings in 2025 with record deliveries and sales,2026-09-22,secondary,"2025 sales EGP 104bn, 4th per The Board Consulting; 2,200+ units delivered 2025; 17,500+ units delivered cumulative; dated 2026-04-03"
S1-006,https://www.zawya.com/en/projects/construction/egypts-mountain-view-allocates-498mln-for-2026-construction-drive-hab1521d,Zawya,Egypt's Mountain View allocates $498mln for 2026 construction drive,2026-09-22,primary,"EGP 25bn construction budget and 3,000 homes delivery target for 2026"
S1-007,https://www.dailynewsegypt.com/2026/08/18/top-10-egyptian-developers-sales-rise-to-egp-670bn-in-h1-2026/,Daily News Egypt,Top 10 Egyptian developers' sales rise to EGP 670bn in H1 2026,2026-09-22,primary,The Board Consulting H1 2026 ranking
S1-008,https://www.dailynewsegypt.com/2026/05/31/egypts-top-developers-post-egp-271bn-in-sales-as-real-estate-market-enters-correction-phase/,Daily News Egypt,Egypt's top developers post EGP 271bn in sales as real estate market enters correction phase,2026-09-22,primary,The Board Consulting Q1 2026 ranking
S1-009,https://www.orascomdh.com/destinations,Orascom Development Holding,Destinations,2026-09-22,primary,parent group site; land areas in mn sqm per destination; O West description and first delivery early 2023
S1-010,https://www.dailynewsegypt.com/2025/05/14/ode-records-54-3-surge-in-q1-2025-revenues-to-egp-6-4bn/,Daily News Egypt,ODE records 54.3% surge in Q1 2025 revenues to EGP 6.4bn,2026-09-22,primary,"El Gouna ASP EGP 279,416/sqm Q1 2025; Makadi 700 deliveries targeted 2025"
S1-011,https://www.dailynewsegypt.com/2025/03/11/ode-achieves-record-egp-32-5bn-in-real-estate-sales-marking-67-growth-in-fy-2024/,Daily News Egypt,"ODE achieves record EGP 32.5bn in real estate sales, marking 67% growth in FY 2024",2026-09-22,primary,FY 2024 real estate sales
S1-012,https://www.arabfinance.com/en/news/newdetails/orascom-development-consolidated-profits-rise-in-2025,Arab Finance,Orascom Development's consolidated profits rise 78.5% YoY in 2025,2026-09-22,primary,"FY2025 revenue EGP 24.945bn, net profit EGP 5.549bn"
S1-013,https://www.dailynewsegypt.com/2023/05/07/orascom-development-begins-handover-of-1st-phase-of-o-west/,Daily News Egypt,Orascom Development begins handover of 1st phase of O West,2026-09-22,primary,"O West first deliveries May 2023; 2,000+ units planned for 2023"
S1-014,https://www.dailynewsegypt.com/2026/03/30/orascom-development-egypt-launches-nuba-in-el-gouna-with-egp-3bn-sales-target/,Daily News Egypt,Orascom Development Egypt launches Nuba in El Gouna with EGP 3bn sales target,2026-09-22,primary,"Nuba: 97 units, 30,000 sqm, delivery within two years"
S1-015,https://hap.com.eg/,Hassan Allam Properties,Hassan Allam Properties home page,2026-09-22,primary,"14 projects listed; 25 developments; 24,000 residents"
S1-016,https://www.dailynewsegypt.com/2026/02/01/hassan-allam-properties-targets-egp-14bn-in-2026-projects-plans-new-hospitality-brand/,Daily News Egypt,"Hassan Allam Properties targets EGP 14bn in 2026 projects, plans new hospitality brand",2026-09-22,primary,more than 25 projects; eight ongoing projects prioritised
S1-017,https://www.dailynewsegypt.com/2024/03/18/hassan-allam-properties-grows-presence-in-mostakbal-city-with-279-feddan-expansion/,Daily News Egypt,Hassan Allam Properties grows presence in Mostakbal City with 279-feddan expansion,2026-09-22,primary,"Haptown 140 feddans 5,000 homes; The Valleys 110 feddans launched late 2023; new 279 feddans"
S1-018,https://www.dailynewsegypt.com/2025/02/23/egypts-top-21-real-estate-developers-double-sales-to-egp-1-4trn-in-2024/,Daily News Egypt,Egypt's top 21 real estate developers double sales to EGP 1.4trn in 2024,2026-09-22,primary,The Board Consulting 2024 top 10
S1-019,https://blogs.realestate.gov.eg/lake-view-compound-new-cairo/,Egyptian Real Estate Platform (government blog),"Lake View Compound, New Cairo, Egypt: Modern Living in an Exclusive Gated Community",2026-09-22,secondary,"developer named as El Hazek Construction; approximately 300 acres; apartments from around EGP 11,700,000; no publication date captured"
S1-020,https://blogs.realestate.gov.eg/lake-view-compound-in-new-cairo-egypt/,Egyptian Real Estate Platform (government blog),Lake View Compound in New Cairo - A Premier Residential Community,2026-09-22,secondary,"published 2024-08-19; says around 1 million sqm, conflicting with S1-019"
S1-021,https://blogs.realestate.gov.eg/lake-view-residence-compound-new-cairo/,Egyptian Real Estate Platform (government blog),"Lake View Residence Compound, New Cairo, Egypt: Modern Living in a Prestigious Oasis",2026-09-22,secondary,"published 2024-08-15; 77 acres; villas from around EGP 35,000,000; 10-20% down, up to 8 years"
S1-022,https://www.dailynewsegypt.com/2026/07/19/qatari-diar-egypt-unveils-som-designed-master-plan-for-29-7bn-alam-al-roum-development/,Daily News Egypt,Qatari Diar Egypt unveils SOM-designed master plan for $29.7bn Alam Al Roum development,2026-09-22,primary,"Alam Al Roum 20.5 mn sqm (4,900 feddan); Egypt land portfolio over 40 mn sqm; USD 7bn portfolio"
S1-023,https://www.qataridiar.com/project/citygate-new-cairo,Qatari Diar,CityGate New Cairo,2026-09-22,primary,"8,500,000 sqm; ongoing"
S1-024,https://www.qataridiar.com/project/newgiza,Qatari Diar,NEWGIZA,2026-09-22,primary,"6,300,000 sqm; phases 1-3 completed/partially completed"
S1-025,https://www.qataridiar.com/project/st-regis-cairo-and-residences,Qatari Diar,The St. Regis Cairo and Residences,2026-09-22,primary,"9,360 sqm; 150 residences; completed"
S1-026,https://www.dailynewsegypt.com/2025/09/08/m-squared-hands-over-65-of-masyaf-ras-alhekma-units-ahead-of-schedule/,Daily News Egypt,M squared hands over 65% of Masyaf Ras AlHekma units ahead of schedule,2026-09-22,primary,real estate arm of Intro Investment Holdings; 65% of 2025 deliveries early; EGP 2.7bn sales target by Oct 2025
S1-027,https://www.dailynewsegypt.com/2025/02/03/m-squared-expands-into-west-cairo-with-31west/,Daily News Egypt,M squared expands into West Cairo with 31WEST,2026-09-22,primary,"31 feddans; 3-year delivery; delivered over 1,108 units and developed 869,000 sqm"
S1-028,https://www.zawya.com/en/projects/construction/egypts-m-squared-to-allocate-62mln-for-construction-works-in-2026-lthfh2qe,Zawya,Egypt's M squared to allocate $62mln for construction works in 2026,2026-09-22,primary,EGP 3bn construction 2026; Masyaf 140 deliveries in 2026; Masyaf USD 309mn value
S1-029,https://invest-gate.me/features/m-squared-launches-its-iconic-project-41-business-district-to-reintroduce-world-class-commercial-projects-in-the-heart-of-cairo/,Invest-Gate,"M squared launches its iconic project, 41 Business District",2026-09-22,secondary,"trade press dated 2023-04-05; 25,500 sqm; 10% down over 7 years"
S1-030,https://www.dailynewsegypt.com/2020/12/07/first-phase-of-new-cairos-azzar-compound-ready-for-delivery-in-december/,Daily News Egypt,First phase of New Cairo's Azzar compound ready for delivery in December,2026-09-22,primary,"Azzar 25 feddans, 152 units, EGP 1.5bn; phase 1 (70%) delivered Dec 2020 a year early"
S1-031,https://www.dailynewsegypt.com/2025/09/23/al-ahly-sabbour-2025-a-renewed-vision-entrenched-leadership/,Daily News Egypt,"Al Ahly Sabbour 2025: A renewed vision, entrenched leadership",2026-09-22,primary,"Ten Islands with Reedy Group, Ras El Hekma, launched 2025, villas only"
S1-032,https://blogs.realestate.gov.eg/reedy-group/,Egyptian Real Estate Platform (government blog),Reedy Group: Leading Real Estate Development in Egypt,2026-09-22,weak,"REJECTED for data: lists Taj City, Hap Town and Zed East, which belong to other developers; appears machine-generated"
S1-033,https://tajmisr.com/,Taj Misr Developments,Taj Misr Developments home page,2026-09-22,primary,"project list; 450+ acres developed; 21,200+ units delivered and under development; 14 landmark projects; locations New Capital, New Zayed, Marsa Allam"
S1-034,https://en.wikipedia.org/wiki/List_of_tallest_buildings_in_the_New_Administrative_Capital,Wikipedia,List of tallest buildings in the New Administrative Capital,2026-09-22,secondary,Taj Tower 170m 43 floors under construction; Taj Tower 2 230m 58 floors approved
S1-035,https://www.zawya.com/en/projects/construction/egypts-taj-misr-developments-allocates-113mln-for-dejoya-zayed-project-in-2024-bhl0wuo1,Zawya,Egypt's Taj Misr Developments allocates $113mln for Dejoya Zayed project in 2024,2026-09-22,primary,"headline only (paywall): EGP 3.5bn for Dejoya Zayed in 2024; villas, apartments and two malls"
S1-036,https://blogs.realestate.gov.eg/marsa-baghush-sidi-heneish/,Egyptian Real Estate Platform (government blog),"Marsa Baghush Sidi Heneish, Egypt: Hidden Gem of the Mediterranean Coast",2026-09-22,secondary,published 2024-08-15; developer named as Shehab A. Mazhar Architects; km 230; 600 m shoreline; six lagoons; up to 7 years; delivery March 2026
S1-037,https://www.akagroupint.com/,AKA Group,AKA Group home page,2026-09-22,primary,"5 Hurghada projects with completion dates and 'Price Starts from' figures; founded 1972, Egypt 1986; HQ Al Hambra, Hurghada"
S1-038,https://www.dailynewsegypt.com/2022/02/28/arab-developers-holding-launches-2-brands-restructures-company-policy/,Daily News Egypt,"Arab Developers Holding launches 2 brands, restructures company policy",2026-09-22,primary,"Nyoum and Sia project lists; 15 projects; 7,500 delivered units; land bank 5.27m sqm"
S1-039,https://www.dailynewsegypt.com/2022/01/17/porto-group-rebrands-to-arab-developers-holding/,Daily News Egypt,Porto Group rebrands to Arab Developers Holding,2026-09-22,primary,fetched; confirms Porto Group rebranded to Arab Developers Holding (Jan 2022)
S1-040,https://www.arabfinance.com/en/news/newdetails/arab-developers-holding-2025-financial-results,Arab Finance,Arab Developers Holding's 2025 consolidated profits up 4.7% YoY,2026-09-22,primary,dated 2026-04-30; 2025 revenue EGP 1.590bn; consolidated profit EGP 96.9mn
S1-041,https://www.arabfinance.com/en/home/companyprofile/ARAB,Arab Finance,Arab Developers Holding company profile,2026-09-22,primary,ticker ARAB
S1-042,https://somabay.com/real-estate-projects/,Somabay,Real Estate Projects,2026-09-22,primary,6 projects with unit types
S1-043,https://somabay.com/about/,Somabay,About,2026-09-22,primary,"10 million sqm; owners Olayan Group and Tawfiq Gargour & Fils; golf, marina, schools, six hotels"
S1-044,https://en.wikipedia.org/wiki/Reportage_Properties,Wikipedia,Reportage Properties,2026-09-22,secondary,"founded 2014, Abu Dhabi; Montenapoleone launched 2021 in Mostakbal City"
S1-045,https://www.dailynewsegypt.com/2025/03/02/reportage-egypt-targets-egp-6bn-in-sales-for-2025/,Daily News Egypt,Reportage Egypt targets EGP 6bn in sales for 2025,2026-09-22,primary,"Montenapoleone 111 feddans, 4,524 units, EGP 3bn 2024 Egypt sales; North Coast project ~2,000 units"
S1-046,https://www.dailynewsegypt.com/2025/04/27/aspect-launches-in-egypt-with-egp-15bn-mixed-use-project-in-new-cairo/,Daily News Egypt,ASPECT launches in Egypt with EGP 15bn mixed-use project in New Cairo,2026-09-22,primary,"over 12 feddans, Fifth Settlement, EGP 15bn, delivery within four years; partner UDesign Holding"
S1-047,https://www.zawya.com/en/projects/construction/aspect-debuts-in-egypt-with-295mln-jade-and-blue-project-in-new-cairo-aid0zxvt,Zawya,ASPECT debuts in Egypt with $295mln Jade and Blue project in New Cairo,2026-09-22,primary,project name Jade and Blue; 12 acres near AUC; paywalled excerpt
S1-048,https://aspect-dev.com/,Aspect Development,Aspect Development home page,2026-09-22,primary,"member of UDesign Holding; Egypt, UAE, Greece presence"
S1-049,https://www.dailynewsegypt.com/2022/07/04/al-qamzi-developments-invests-egp-14bn-in-204-feddan-seazen-project-in-north-coast/,Daily News Egypt,Al-Qamzi Developments invests EGP 14bn in 204-feddan SeaZen project in North Coast,2026-09-22,primary,"204 feddans; 2,000 units; 690 m beach; construction Oct 2022; first phase 2025; 12 years in Egypt"
S1-050,https://www.dailynewsegypt.com/2026/02/02/nbe-arranges-egp-1-42bn-syndicated-facility-for-al-qamzis-seazen-project/,Daily News Egypt,NBE arranges EGP 1.42bn syndicated facility for Al Qamzi's SEAZEN project,2026-09-22,primary,km 170 Dabaa; EGP 23bn total investment; fully finished chalets to villas
S1-051,https://www.alqamzi.com/,AlQamzi Developments,"AlQamzi Developments site (home, Eastshire, Cityzen, The Qube pages)",2026-09-22,primary,"4 projects; Eastshire 26 acres Fifth Settlement villas and townhouses; Cityzen 94 feddans Mostakbal City 2,438 units; The Qube commercial strip at Eastshire; HQ Sheraton, Cairo"
S1-052,https://avaminagroup.com/,Ava Mina Group,AVAMINA GROUP home page,2026-09-22,primary,"founded 1994; HQ Sheraton, Cairo; divisions AMG Olivtree, Kiromarble, Al Awad"
S1-053,https://blogs.realestate.gov.eg/ava-mina-group/,Egyptian Real Estate Platform (government blog),Ava Mina Group: A Legacy of Building Dreams in Egypt,2026-09-22,secondary,"published 2024-11-13; ORO 1,600 units NAC 2022; N-Mall NAC 2021; Oubor Heights 288 villas 25 acres Obour 2021"
S1-054,https://www.dailynewsegypt.com/2018/08/06/castle-development-el-makassa-to-develop-castle-landmark-with-egp-5bn-investments/,Daily News Egypt,"Castle Development, El Makassa to develop Castle Landmark with EGP 5bn investments",2026-09-22,primary,"41.5 feddans, 1,800 fully finished units 120-300 sqm, R7 NAC, delivery 2022 planned; sister company ABC founded 1982 Jeddah"
S1-055,https://www.dailynewsegypt.com/2021/06/27/castle-development-completes-85-of-construction-on-castle-landmarks-1st-phase/,Daily News Egypt,Castle Development completes 85% of construction on Castle Landmark's 1st phase,2026-09-22,primary,"phase 1 (476 units) 85% built; delivery Aug 2022; full completion end-2024; Castle Gate mall 20 feddans; East Side building 7,600 sqm"
S1-056,https://www.dailynewsegypt.com/2024/07/03/eagles-developments-launches-egp-2bn-via-compound-in-sheikh-zayed/,Daily News Egypt,Eagles Developments launches EGP 2bn VIA compound in Sheikh Zayed,2026-09-22,primary,"VIA 16,000 sqm, EGP 2bn; phase 1 8,000 sqm, 100 units, Dec 2027"
S1-057,https://www.eagles-developments.com/en/about-us/,Eagles Developments,About Eagles,2026-09-22,primary,"HQ Sheikh Zayed, Giza; projects VIA, RIZA, RIZA 2"
S1-058,https://www.dailynewsegypt.com/2025/08/24/evora-developments-launches-pulse-project-within-egp-30bn-investment-strategy/,Daily News Egypt,Evora Developments launches Pulse project within EGP 30bn investment strategy,2026-09-22,primary,"Pulse 3,400 sqm Wahat Road New October; delivery end-2027; eight land plots; EGP 30bn plan"
S1-059,https://www.dailynewsegypt.com/2025/05/18/hmd-developments-launches-velora-villa-in-new-zayed-with-egp-2bn-investment/,Daily News Egypt,HMD Developments launches Velora Villa in New Zayed with EGP 2bn investment,2026-09-22,primary,"10 feddans, 62 units, 10% down up to 10 years; established 2002; past projects in New Cairo, Maadi, Zagazig, NAC"
S1-060,https://hmd-eg.com/,HMD Group,HMD Group home page,2026-09-22,primary,"founded 2002 by Horia Real Estate Investment and Mansions Developments; 50+ projects finished; Golden View (New Capital), Building D158"
S1-061,https://www.dailynewsegypt.com/2025/11/30/imarrae-launches-kin-its-first-residential-project-in-egypt-with-egp-16bn-investment/,Daily News Egypt,"Imarrae launches KIN, its first residential project in Egypt, with EGP 16bn investment",2026-09-22,primary,"KIN Al-Qoronfel, 23 feddans, 96,600 sqm BUA, core and shell, facilities"
S1-062,https://www.dailynewsegypt.com/2026/08/09/imarrae-begins-construction-of-egp-22bn-kin-residential-project-in-new-cairo/,Daily News Egypt,Imarrae begins construction of EGP 22bn KIN residential project in New Cairo,2026-09-22,primary,"434 units (80% townhouses, 20% apartments); phase 1 by 2030, full 2033; 100+ feddans land bank"
S1-063,https://www.dailynewsegypt.com/2025/02/02/jawad-developments-unveils-hayah-residence-in-6th-of-october-city-with-egp-5bn-sales-target/,Daily News Egypt,Jawad Developments unveils Hayah Residence in 6th of October City with EGP 5bn sales target,2026-09-22,primary,"Hayah Residence 42,000 sqm, 521 units; Val Plaza EGP 2bn sales"
S1-064,https://www.dailynewsegypt.com/2025/12/28/jawad-developments-appoints-eltizam-egypt-to-manage-val-plaza-mall-in-west-cairo/,Daily News Egypt,Jawad Developments appoints Eltizam Egypt to manage Val Plaza Mall in west Cairo,2026-09-22,primary,"Val Plaza 6,250 sqm, 285 units, opening H1 2026"
S1-065,https://jawaddevelopments.com/,Jawad Developments,Jawad Developments site,2026-09-22,primary,HTTP 500 on fetch; no data taken
S1-066,https://www.dailynewsegypt.com/2025/05/15/lmd-unveils-being-in-new-zayed-partners-with-la7-to-launch-innovative-business-hub-mindset/,Daily News Egypt,"LMD unveils Being in New Zayed, partners with LA7 to launch business hub Mindset",2026-09-22,primary,"confirms Landmark Developments = LMD; Being 150 feddans New Zayed; portfolio Stei8ht, Eastside, One Ninety, Zoya"
S1-067,https://www.dailynewsegypt.com/2026/01/04/mrb-launches-district-9-project-in-6th-of-october-city-with-carrefour-as-anchor-tenant/,Daily News Egypt,MRB launches District 9 project in 6th of October City with Carrefour as anchor tenant,2026-09-22,primary,MRB described as facility management and retail operations consultancy; District 9 developer is NEXT Developments
S1-068,https://marseilia.com/current-projects/,Marseilia,Current Projects,2026-09-22,primary,"Golden Yard (New Capital), Marseilia Beach 5 Ras El Hekma, Hayat Marseilia (Alexandria entrance), Kaskaydya (124.5 km west of Alexandria)"
S1-069,https://marseilia.com/,Marseilia,Marseilia home page,2026-09-22,primary,"venture logos incl. Marseilia Florence, Marseilia Matrouh; statistics shown as placeholder zeros"
S1-070,https://www.dailynewsegypt.com/2020/08/30/marseilia-group-keeps-up-with-delivering-schedule-despite-pandemic-chairperson/,Daily News Egypt,Marseilia Group keeps up with delivering schedule despite pandemic: Chairperson,2026-09-22,primary,850 units delivered Marseilia Beach 4 phase 2; Cascadia 40 feddans New Alamein; Nasr City project with Amlak
S1-071,https://www.arabfinance.com/en/news/newdetails/39381,Arab Finance,Marseilia Group signs MoUs for North Coast Marseilia Beach 6 project,2026-09-22,primary,updated 2026-02-19; 119 feddans in Fouka
S1-072,https://www.arabfinance.com/en/home/companyprofile/maal,Arab Finance,Marseilia company profile,2026-09-22,primary,ticker MAAL; legal name Egyptian Gulf Marseilia For Real Estate Investment
S1-073,https://www.arabfinance.com/en/news/newdetails/marseilia-standalone-profits-leap-in-h1-2026,Arab Finance,Marseilia's standalone profits leap 377.76% YoY in H1 2026,2026-09-22,primary,"H1 2026 revenue EGP 974.4mn, net profit EGP 126.7mn"
S1-074,https://www.zawya.com/en/press-release/companies-news/misr-abu-dhabi-for-real-estate-investments-highlights-expansion-strategy-backed-by-a-diversified-investment-portfolio-y9he2mhn,Zawya (company press release),Misr Abu Dhabi for Real Estate Investments highlights expansion strategy backed by a diversified investment portfolio,2026-09-22,primary,"July 2026; GEM hospitality project; Blue Bay Ras Sedr phase 1 operating, phase 2 in preparation"
S1-075,https://www.dailynewsegypt.com/2026/09/20/new-plan-developments-targets-delivery-of-1700-units-in-2026/,Daily News Egypt,"New Plan Developments targets delivery of 1,700 units in 2026",2026-09-22,primary,"~3,100 units delivered incl. 2026 target; project sales rates and locations"
S1-076,https://newplandevelopments.com/,New Plan Developments,New Plan Developments home page,2026-09-22,primary,"project list with some locations; '7 Years On the Market'; HQ Heliopolis, Cairo"
S1-077,https://www.dailynewsegypt.com/2026/08/30/egyptian-saudi-partnership-launches-prax-developments-announces-first-project-in-new-obour/,Daily News Egypt,"Egyptian-Saudi partnership launches Prax Developments, announces first project in New Obour",2026-09-22,primary,JV of Prax and Saudi Asas Taba Real Estate Development; launch event 15 Sep 2026
S1-078,https://www.zawya.com/en/projects/prax-developments-enters-egypt-with-79mln-new-obour-project-472471,Zawya,Prax Developments enters Egypt with $79mln New Obour project,2026-09-22,primary,"Cava Residence, 24 feddans, EGP 4bn, residential, commercial and hospitality"
S1-079,https://www.dailynewsegypt.com/2026/05/12/rayz-developments-debuts-in-egypt-with-brx-mixed-use-project-in-new-cairo/,Daily News Egypt,Rayz Developments debuts in Egypt with BRX mixed-use project in New Cairo,2026-09-22,primary,"BRX 36,483 sqm on Mohamed Naguib Axis; nine commercial/administrative buildings; established 2025; real estate arm of AlShams (founded 1987)"
S1-080,https://www.zawya.com/en/projects/construction/egypts-rayz-developments-launches-brx-mixed-use-project-in-east-cairo-e44n4a3d,Zawya,Egypt's Rayz Developments launches BRX mixed-use project in East Cairo,2026-09-22,primary,headline: USD 152mn sales revenue target (paywalled)
S1-081,https://www.dailynewsegypt.com/2026/01/04/sky-ad-developments-begins-phase-one-deliveries-at-residence-8-project/,Daily News Egypt,Sky AD. Developments begins phase one deliveries at Residence 8 project,2026-09-22,primary,Residence 8 R8 NAC phase 1 ~350 units delivery began Jan 2026; first residential handover in Egypt
S1-082,https://www.zawya.com/en/projects/construction/egypts-sky-ad-developments-acquires-75-acres-in-new-cairo-ymjjpduy,Zawya,Egypt's Sky AD Developments acquires 75 acres in New Cairo,2026-09-22,primary,"75-acre plot Sixth Settlement, mixed-use (paywalled excerpt)"
S1-083,https://www.zawya.com/en/projects/construction/egypts-sky-ad-launches-162bln-sky-north-project-in-ras-el-hekma-fyqjww75,Zawya,Egypt's Sky AD launches $1.62bln 'Sky North' project in Ras El Hekma,2026-09-22,primary,"Sky North EGP 80bn, 5 phases; subsidiary of UAE Diamond Group"
S1-084,https://www.dailynewsegypt.com/2026/05/03/tld-launches-westrict-mixed-use-project-in-sheikh-zayed-with-marriott-partnership/,Daily News Egypt,TLD launches Westrict mixed-use project in Sheikh Zayed with Marriott partnership,2026-09-22,primary,"founded 2019, El-Tayebi Holding Group; Westrict 60,000 sqm BUA"
S1-085,https://www.dailynewsegypt.com/2024/01/09/the-land-developers-tld-celebrates-unprecedented-achievements-in-2023/,Daily News Egypt,The Land Developers - TLD celebrates unprecedented achievements in 2023,2026-09-22,primary,"Armonia 42 acres 1,750 units NAC phase 1 completed; il Bayou 45,000 sqm Sahl Hasheesh 40% built"
S1-086,https://unitedfordevelopment.com/about-us/,United Real Estate Developments,About us - United Development,2026-09-22,primary,"founded 1995; Ladera Red Sea, G3 Mall, G-Bay El Sokhna, Ladera El Sokhna; 320+ residential units; EGP 540mn+ investment"
S1-087,https://www.dailynewsegypt.com/2025/12/21/zaya-developments-launches-hom-residential-project-in-6th-of-october-city/,Daily News Egypt,ZAYA Developments launches HOM residential project in 6th of October City,2026-09-22,primary,"HOM 24 feddans, ~400 units phase 1, 60-170 sqm, 5% down up to 10 years; prior projects La Castle 1-9, Roudy, One Three One"
S1-088,https://www.dailynewsegypt.com/2025/11/30/damora-developments-launches-damora-n5-mall-in-new-cairo-with-egp-600m-investment/,Daily News Egypt,Damora Developments launches Damora N5 Mall in New Cairo with EGP 600m investment,2026-09-22,primary,"first project; 1,800 sqm plot Gardenia Heights; 34 commercial + 17 admin/medical units; 5% down, up to 90 months"
S1-089,https://www.dailynewsegypt.com/2024/12/29/maqam-misr-launches-q-clinics-medical-complex-in-new-capital-with-egp-1-2bn-investment/,Daily News Egypt,Maqam Misr launches Q CLINICS medical complex in New Capital with EGP 1.2bn investment,2026-09-22,primary,"Q Clinics MU7 3,000 sqm; East Tower5 3,585 sqm delivery end-2026; QEAST 3,380 sqm; fourth project planned Q1 2025"
S1-090,https://sakdevelopments.com/,SAK Developments,SAK Developments home page,2026-09-22,primary,"founded 1985; 25+ projects; Sueno, The V, Elite listed with New Cairo location"
S1-091,https://www.dailynewsegypt.com/2025/10/05/westway-developments-launches-ikon-mall-in-west-cairo/,Daily News Egypt,WestWay Developments launches IKon Mall in West Cairo,2026-09-22,primary,"IKon Mall 15,000+ sqm; River Residence 21 buildings; Town Plaza; River Park 1 and 2; Z4 15 feddans; merger of Diar Hany Farag, DIG, Memar Al-Farouk"
S2-001,https://ir.palmhillsdevelopments.com/,Palm Hills Developments,Palm Hills Developments Investor Relations home,2026-09-22,primary,"Established 1997; 34 projects; 20,000 units delivered; cumulative net sales EGP 480bn"
S2-002,https://preview-assets-us-01.kc-usercontent.com/9d7970fc-dc69-001d-cf10-ddbde8cd2225/b1990606-ca86-47bc-ac75-552741415edf/PHD%20-%201Q2026%20Earnings%20Release%20-%20English.pdf,Palm Hills Developments,"1Q2026 Earnings Release (May 20, 2026)",2026-09-22,primary,"FY2025 new sales EGP 215,384mn; land bank 46mn sqm incl. Abu Dhabi; project sales drivers; 1,200 units ready for handover FY2026"
S2-003,https://ir.palmhillsdevelopments.com/en-us/newsevents/newsarticle/palm-hills-developments-announces-egp182-billion-in-sales-in-9m2025-and-the-acquisition-of-two-strategic-land-plots-in-new-administrative-capital-and-new-cairo,Palm Hills Developments,PHD announces EGP182bn sales in 9M2025 and acquisition of two land plots,2026-09-22,primary,315 feddan New Capital plot; 97 feddan PHNC Extension
S2-004,https://ir.palmhillsdevelopments.com/en-us/newsevents/newsarticle/palm-hills-developments-unveils-palm-hills-jirian-a-transformative-residential-project-featuring-a-branch-of-the-nile-river-in-new-sheikh-zayed-spanning-361-feddan,Palm Hills Developments,PHD unveils Palm Hills Jirian in New Sheikh Zayed spanning 361 feddan,2026-09-22,primary,"June 2025; c.6,500 units; 5-year implementation"
S2-005,https://www.palmhillsdevelopments.com/en/projects,Palm Hills Developments,Palm Hills Developments website projects page,2026-09-22,primary,Project list by region; Badya 3000 acres; news list incl. Hacienda Ras El Hekma launch Aug 2026
S2-006,https://www.dailynewsegypt.com/2026/08/18/top-10-egyptian-developers-sales-rise-to-egp-670bn-in-h1-2026/,Daily News Egypt,Top 10 Egyptian developers' sales rise to EGP 670bn in H1 2026,2026-09-22,secondary,The Board Consulting ranking H1 2026
S2-007,https://www.dailynewsegypt.com/2025/11/23/egypts-top-10-real-estate-developers-record-egp-1-05trn-in-sales-during-m9-2025/,Daily News Egypt,Egypt's top 10 real estate developers record EGP 1.05trn in sales during M9 2025,2026-09-22,secondary,The Board Consulting ranking 9M 2025
S2-008,https://www.dailynewsegypt.com/2025/02/23/egypts-top-21-real-estate-developers-double-sales-to-egp-1-4trn-in-2024/,Daily News Egypt,Egypt's top 21 real estate developers double sales to EGP 1.4trn in 2024,2026-09-22,secondary,The Board Consulting ranking FY2024 (top 11 named)
S2-009,https://www.zawya.com/en/capital-markets/equities/palm-hills-sees-2955-yoy-consolidated-profit-leap-in-2025-azzz8r4z,Zawya,Palm Hills sees 29.55% YoY consolidated profit leap in 2025,2026-09-22,secondary,FY2025 net profit EGP 4.216bn
S2-010,https://preview-assets-us-01.kc-usercontent.com:443/9d7970fc-dc69-001d-cf10-ddbde8cd2225/deee64ab-a265-4520-b89e-bbbcdcec99b0/PHD%20Investor%20Presentation%20-%20September%202022.pdf,Palm Hills Developments,PHD Investor Presentation September 2022,2026-09-22,primary,Project land areas in sqm; handover history; 12.7k units handed over as of June 2022
S2-011,https://oradevelopers.com/,ORA Developers,"ORA Developers website home and property pages (/properties/zed-elsheikh-zayed, zed-east, silversands-north-coast, solana-by-ora, pyramid-hills)",2026-09-22,primary,"Land areas in feddan and sqm, unit typologies, facilities per project"
S2-012,https://www.dailynewsegypt.com/2025/09/23/ora-developers-unveils-egp-131bn-investment-plan-offers-flexible-ownership-premium-services/,Daily News Egypt,"Ora Developers unveils EGP 131bn investment plan, offers flexible ownership, premium services",2026-09-22,secondary,H1 2025 sales c.EGP 26bn (440 units); Silversands first-phase deliveries underway
S2-013,https://www.dailynewsegypt.com/2024/09/25/ora-developers-egypt-achieves-egp-145bn-in-sales-over-six-years/,Daily News Egypt,Ora Developers Egypt achieves EGP 145bn in sales over six years,2026-09-22,secondary,Cumulative EGP 145bn sales; project list incl. Solana East; EGP 7bn ZED East financing
S2-014,https://irfiles.technologyverse.com/MASR/MMHD-ERP-2Q26-E-v3.pdf,Madinet Masr,Madinet Masr Earnings Release Presentation H1 2026,2026-09-22,primary,"Founded 1959; land bank 12.8mn sqm; 29 active projects; per-project launch year, GLA, avg price per sqm, units, % sold; HQ moved from Nasr City to Taj City; deliveries by project"
S2-015,https://ir.madinetmasr.com/,Madinet Masr,Madinet Masr Investor Relations home,2026-09-22,primary,EGX code MASR.CA; H1 2026 KPIs
S2-016,https://www.dailynewsegypt.com/2026/03/15/madinet-masrs-net-profit-rises-23-8-to-egp-3-6bn-in-2025/,Daily News Egypt,Madinet Masr's net profit rises 23.8% to EGP 3.6bn in 2025,2026-09-22,secondary,"FY2025 new sales EGP 52.6bn; 1,941 units delivered in 2025 vs 645 in 2024"
S2-017,https://www.zawya.com/en/press-release/companies-news/madinet-masr-reports-egp-28.4bln-in-new-sales-and-more-than-doubles-deliveries-in-h1-2026-425931,Zawya (company press release),Madinet Masr reports EGP 28.4bln in new sales and more than doubles deliveries in H1 2026,2026-09-22,primary,"1,200 units delivered H1 2026; project areas; launches Talala, The Butterfly, D2N, KLOK"
S2-018,https://madinetmasr.com/,Madinet Masr,"Madinet Masr website project pages (/en/projects/sarai, taj-city, talala, the-butterfly, zahw)",2026-09-22,primary,Unit typologies and facilities; prices render client-side only (not captured)
S2-019,https://arabia-holding.com/en/about-us,Arabia Developments (Arabia Holding),About Us,2026-09-22,primary,"Over 30 years; active since late 1990s; land bank exceeding 10 million sqm; founder Tarek Shoukry; HQ address 48 N 90th Street, New Cairo"
S2-020,https://arabia-holding.com/en/communities,Arabia Developments (Arabia Holding),"Communities listing and project pages (sun-capital, elora, moon-valley-1, moon-valley-2, galleria-residence, bungalows)",2026-09-22,primary,"Project size in acres, unit counts, locations"
S2-021,https://www.castelloeg.com/en,Castello Developments,Castello Real Estate home page,2026-09-22,primary,"HQ Hurghada; 12+ years experience; 2,160+ units in progress; 4 projects with price ranges; fully finished units"
S2-022,https://projects.castelloeg.com/,Castello Developments,All Castello Projects,2026-09-22,primary,"Starting prices, delivery dates, unit sizes for Storia Del Mare, Atlantis, Oro Beach"
S2-023,https://www.travcoproperties.com/,Travco Properties,"Travco Properties website (home, /almaza-bay/, /ras-soma/, /makadina/)",2026-09-22,primary,"Established 2014; Almaza Bay 6.5 million sqm, 38 km before Marsa Matrouh; Ras Soma Red Sea; Makadina newest; head office 26th of July Corridor, Sheikh Zayed"
S2-024,https://home-vacation.com/projects/makadina-makadi-bay/,Home & Vacation (broker),Makadina Makadi Bay - Travco Properties' New Coastal Destination on the Red Sea,2026-09-22,weak,Broker page (from search snippet): location Makadi Bay next to Madinat Makadi; unit types; pricing not used
S2-025,https://olayan.com/our-business/middle-east/,The Olayan Group,Middle East - The Olayan Group,2026-09-22,primary,Real estate portfolio described as development projects across Saudi Arabia; no Egypt real estate development mentioned
S2-026,https://www.dailynewsegypt.com/2020/12/08/badreldin-developments-introduces-new-phase-at-kayan-compound/,Daily News Egypt,Badreldin Developments introduces new phase at Kayan compound,2026-09-22,secondary,"Kayan: 100 feddans Sheikh Zayed, 1,600 units, delivery 2022, payment up to 6 years; subsidiary of El Badr Group"
S2-027,https://badreldin.com/,Badr Eldine Developments,Badr Eldine Developments website,2026-09-22,primary,"Placeholder page only, no project content"
S2-028,https://www.dailynewsegypt.com/2026/03/15/sky-abu-dhabi-acquires-75-feddans-in-sixth-settlement-for-mixed-use-project/,Daily News Egypt,Sky Abu Dhabi acquires 75 feddans in Sixth Settlement for mixed-use project,2026-09-22,secondary,"Subsidiary of Diamond Group (UAE); entered Egypt 2021; portfolio Blue Tree, Residence Eight, Capital Avenue, Sky North (430 feddans)"
S2-029,https://www.dailynewsegypt.com/2026/01/04/sky-ad-developments-begins-phase-one-deliveries-at-residence-8-project/,Daily News Egypt,Sky AD. Developments begins phase one deliveries at Residence 8 project,2026-09-22,secondary,Phase One c.350 units handed over from Jan 2026; first residential handover in Egypt
S2-030,https://www.dailynewsegypt.com/2026/03/01/naia-developments-completes-90-of-first-phase-at-naia-west-in-new-sheikh-zayed/,Daily News Egypt,NAIA Developments completes 90% of first phase at NAIA West in New Sheikh Zayed,2026-09-22,secondary,"Founded 2021; land portfolio c.252 acres; NAIA West 140 feddans, 100 units finalised, delivery 2026; Alana 496 fully finished units"
S2-031,https://www.dailynewsegypt.com/2022/11/25/naia-developments-intends-to-invest-egp-30bn-in-egypts-property-market-over-3-years/,Daily News Egypt,Naia Developments intends to invest EGP 30bn in Egypt's property market over 3 years,2026-09-22,secondary,"Naia Bay Ras El Hekma first phase delivery planned 2024, 300-key hotel; Naia West launch Q1 2023"
S2-032,https://morshedy.com/en/,Morshedy Group,"Morshedy Group website (our-story and project pages: skyline, zahra, kattameyagate, onekattameya, grandcity, grandgate, residence, avenue, theplaza, crystalplaza, bavariatown, dview, palms, gardens, lakefront, westcourtsnewoctober, gatewaybusinessdistrict)",2026-09-22,primary,"Founded 1983 by Mohamed Morshedy; Degla for real estate developments; project land areas and unit counts. Several pages reuse template statistics, which were ignored"
S2-033,https://elbayt.com/en/developer/al-abd-for-construction,elbayt.com (listing portal),Al Abd For Construction developer listing,2026-09-22,weak,Search-result listing only; no project facts taken
S2-034,https://middlemenrealestate.com/developer/ready-group/,Middlemen Real Estate (broker),Ready group developer listing,2026-09-22,weak,Broker listing from search results only; no facts used
S2-035,https://nile-developments.com/en/project/,Nile Developments,Our masterpieces (project list),2026-09-22,primary,"Six projects: River District, Tycoon Tower, 31 North Tower, Tycoon Center, Nile Business City (60,000 sqm), Nile Boulevard (New Cairo)"
S2-036,https://www.dailynewsegypt.com/2026/08/30/nile-developments-launches-28th-floor-at-tycoon-tower-in-new-capital/,Daily News Egypt,Nile Developments launches 28th floor at Tycoon Tower in New Capital,2026-09-22,secondary,Construction pace about one floor every seven days; chair Mohamed Taher
S2-037,https://nile-developments.com/,Nile Developments,Nile Developments home page,2026-09-22,primary,"Search snippet: over a decade of track record in New Cairo, Mansoura and New Administrative Capital; Tycoon Tower 233 m; operator Millennium Hotels"
S2-038,https://www.dailynewsegypt.com/2025/07/06/aayan-developments-debuts-in-egypt-with-launch-of-dao-towers-in-new-capital/,Daily News Egypt,Aayan Developments debuts in Egypt with launch of dao Towers in New Capital,2026-09-22,secondary,"First Egyptian project; plot MU-12, Bin Zayed Axis; Kuwaiti/Gulf background; chair Mohamed Hegazi"
S2-039,https://www.dailynewsegypt.com/2023/11/20/al-riyadh-misr-developments-launches-peerage-project-with-egp-3bn-investment/,Daily News Egypt,Al Riyadh Misr Developments launches Peerage project with EGP 3bn investment,2026-09-22,secondary,Peerage New Cairo 10 feddans; developed over 3 years
S2-040,https://blogs.realestate.gov.eg/al-riyadh-misr-developments/,Egyptian Real Estate Platform (government blog),Al Riyadh Misr Developments: Where Communities are Shaping Up for a Better Tomorrow,2026-09-22,secondary,Generic profile naming Al-Riyadh Gardens and Oasis Heights; no figures
S2-041,https://www.dailynewsegypt.com/2022/03/14/brouq-developments-to-launch-10-projects-worth-over-egp-10bn-within-5-years/,Daily News Egypt,Brouq Developments to launch 10 projects worth over EGP 10bn within 5 years,2026-09-22,secondary,"Entered Egypt 2018; Spark Capital Insight 8,000 sqm NAC MU23; New Cairo plot 19.3 feddans near AUC"
S2-042,https://www.dailynewsegypt.com/2022/05/16/brouq-developments-debuts-centoo-project-at-new-capital/,Daily News Egypt,BROUQ Developments debuts Centoo project at New Capital,2026-09-22,secondary,"Centoo in NAC financial district; alliance of Qhsp, Alfada, NBS Holdings"
S2-043,https://www.egygatenews.com/2026/07/brouq-developments-opens-avira.html,Egygate News,BROUQ DEVELOPMENTS Opens AVIRA Residence Sales Office in New Cairo,2026-09-22,weak,"Not on allowed press list; search snippet only: AVIRA Residence, Fifth Settlement, American University Axis, sales office opened July 2026"
S2-044,https://www.citystars.com.eg/project.php,Citystars Properties,Citystars Properties projects page,2026-09-22,primary,"Projects: Citystars Heliopolis, Katameyah, 6th of October, North Coast, Soma Red Sea Riviera, Sharm El Sheikh"
S2-045,https://www.zawya.com/en/projects/construction/egyptian-kuwaiti-real-estate-grova-partner-on-53bln-west-cairo-development-g4fk0rkj,Zawya,"Egyptian Kuwaiti Real Estate, Grova partner on $5.3bln West Cairo development",2026-09-22,secondary,295-feddan project in 6th of October developed and managed by Grova (Hassan Allam Holding); full text paywalled
S2-046,https://imkan-inveg.com/en/developer/founders-developments/,Imkan (broker),Founders Developments Projects,2026-09-22,weak,Search snippet only: founded 2020; Wesal with Al Ahly Sabbour; Gardenia on Suez Road. Not used for any number
S2-047,https://www.dailynewsegypt.com/2026/02/09/harby-group-launches-construction-of-seven-residence-in-october-gardens/,Daily News Egypt,Harby Group launches construction of Seven Residence in October Gardens,2026-09-22,secondary,52 feddans; units from 109 sqm; 15+ years; 50+ completed projects; Cairo and Dubai
S2-048,https://www.dailynewsegypt.com/2025/04/06/innovo-group-to-launch-two-real-estate-projects-in-egypt-in-2025/,Daily News Egypt,Innovo Group to launch two real estate projects in Egypt in 2025,2026-09-22,secondary,"UK-based, formerly Al Shafar Group; Egyptian footprint over EGP 42bn; Sky Innovo is its real estate arm; Park Street Edition construction cost EGP 7bn"
S2-049,https://www.dailynewsegypt.com/2024/05/27/sky-innovo-developments-initiates-its-business-in-egyptian-market-with-park-st-edition/,Daily News Egypt,Sky Innovo Developments initiates its business in Egyptian market with Park St. Edition,2026-09-22,secondary,"JV of Sky Real Estate (Sky Investments) and Innovo Group; Park St. Edition 20,000 sqm land, 65,000 sqm BUA, New Cairo, c.EGP 10bn investment"
S2-050,https://www.dailynewsegypt.com/2026/05/03/k-developments-launches-egp-1-5bn-palencia-plaza-in-shorouk-city/,Daily News Egypt,K Developments launches EGP 1.5bn Palencia Plaza in Shorouk City,2026-09-22,secondary,"Palencia Plaza 6,000 sqm G+3 on Al Horreya St; Palencia Al Shorouk residential launched in parallel; 10% down up to 8 years"
S2-051,https://www.dailynewsegypt.com/2024/09/24/laverde-developments-completes-60-of-la-verde-new-capital-project/,Daily News Egypt,Laverde Developments completes 60% of La Verde New Capital project,2026-09-22,secondary,La Verde New Capital 35 feddans R8 60%+ built; La Verde Cassette 55 feddans 230 villas 65%+ built
S2-052,https://www.dailynewsegypt.com/2024/02/12/laverde-developments-exports-over-50-of-its-properties/,Daily News Egypt,Laverde Developments exports over 50% of its properties,2026-09-22,secondary,Search snippet: over 50% of sales from outside Egypt (not opened)
S2-053,https://www.dailynewsegypt.com/2026/06/21/midar-majid-al-futtaim-sign-3-1bn-partnership-to-develop-integrated-urban-project-in-new-cairo/,Daily News Egypt,"MIDAR, Majid Al Futtaim sign $3.1bn partnership to develop integrated urban project in New Cairo",2026-09-22,secondary,"553 feddans in MADA City; phase 1 200 feddans over 4 years; c.6,000 units; other MAF Egypt assets are malls"
S2-054,https://www.dailynewsegypt.com/2026/09/13/marsoum-developments-launches-the-central-gate-in-west-cairo/,Daily News Egypt,Marsoum Developments launches The Central Gate in West Cairo,2026-09-22,secondary,"80 feddans Hadayek October on Central Ring Road; apartments from 74 sqm; prices from EGP 1.8m; 5% down up to 12 years; launched Sept 8, 2026"
S2-055,https://www.dailynewsegypt.com/2026/05/17/marsoum-developments-enters-egyptian-market-launches-first-project-in-alexandria/,Daily News Egypt,"Marsoum Developments enters Egyptian market, launches first project in Alexandria",2026-09-22,secondary,"Smouha project 30,000+ sqm mixed-use; founders Ayman Embaby and Sayed Saber; EGP 20bn+ investment plan"
S2-056,https://www.modon.com/about-modon/media-centre/details/2026/02/18/modon-delivers-outstanding-growth-in-2025-with-aed-3.9-billion-in-net-profit-and-aed-46.0-billion-revenue-backlog,Modon Holding,Modon delivers outstanding growth in 2025,2026-09-22,primary,"Wadi Yemm, first district at Ras El Hekma: AED 5.8bn sales across 2,109 units"
S2-057,https://www.modon.com/about-modon/media-centre/details/2026/07/29/modon-delivers-record-first-half-results-with-aed-2.2-billion-in-net-profit-and-aed-65.4-billion-revenue-backlog,Modon Holding,Modon delivers record first half results (H1 2026),2026-09-22,primary,New Wadi Yemm phase April 2026; Montage Residences Ras El Hekma launched April 2026 as first branded residences
S2-058,https://www.dailynewsegypt.com/2026/08/23/three-north-coast-projects-generate-egp-258bn-in-sales-in-2026-the-board-consulting/,Daily News Egypt,Three North Coast projects generate EGP 258bn in sales in 2026: The Board Consulting,2026-09-22,secondary,"Wadi Yemm launched Oct 2025, EGP 79bn Q4 2025 and EGP 65bn Apr-Aug 2026; Hacienda Ras El Hekma EGP 75bn in first two months"
S2-059,https://www.modon.com/about-modon/media-centre/details/2024/10/04/modon-holding-engages-with-investors--partners-for-ras-el-hekma-destination-megaproject-in-egypt,Modon Holding,"Modon Holding engages with investors, partners for Ras El Hekma destination megaproject in Egypt",2026-09-22,primary,Masterplan and partners (Oct 2024); area figure in text is garbled (170 'square-metre')
S2-060,https://www.dailynewsegypt.com/2026/04/26/one-development-breaks-ground-on-do-new-cairo-launches-second-phase/,Daily News Egypt,"One Development breaks ground on 'Do New Cairo', launches second phase",2026-09-22,secondary,Subsidiary of Al Gebely Holding; phase 1 sold out; phase 2 mainly commercial; up to 8 years
S2-061,https://www.dailynewsegypt.com/2026/01/04/prime-living-developments-targets-egp-500m-investments-in-2026-expansion-plan/,Daily News Egypt,Prime Living Developments targets EGP 500m investments in 2026 expansion plan,2026-09-22,secondary,"Projects across New Heliopolis, New Cairo, Sheikh Zayed, Hadayek October, Obour; several New Heliopolis and New Cairo projects due for 2026 delivery"
S2-062,https://primelivingdevelopments.com/en/,Prime Living Developments,Prime Living home and about pages,2026-09-22,primary,"Prime Nova mini compound (Andalus Gardens, Fifth Settlement); Plot 152G New Narges; HQ Narcissus Buildings, Fifth Settlement; project list page is JavaScript-rendered"
S2-063,https://www.dailynewsegypt.com/2026/08/09/roshan-masr-developments-signs-partnerships-ahead-of-west-cairo-project-launch/,Daily News Egypt,Roshan Masr Developments signs partnerships ahead of West Cairo project launch,2026-09-22,secondary,"First project in West Cairo not yet named; Egyptian-Saudi experience; partners Raef Fahmi Architects, KAD, Axes"
S2-064,https://tameer.com.eg/our-developments/,TAMEER Egypt,Our Developments,2026-09-22,primary,"AZAD 55 acres 1,700 units, deliveries since 2020 (500 done); DIAR II 70 acres 2,300 units; AZ Homes 284 units phase 1; landmarks DIAR I, New Maadi, Masaken Sheraton"
S2-065,https://www.dailynewsegypt.com/2021/11/21/tameer-launches-azad-views-project-in-new-cairo/,Daily News Egypt,Tameer launches Azad Views project in New Cairo,2026-09-22,secondary,"40 feddan, 830 units, completion expected 2025, up to 8 years"
S2-066,https://www.dailynewsegypt.com/2025/01/14/tameer-egypt-unveils-urban-business-lane-mega-project-in-new-cairo/,Daily News Egypt,Tameer Egypt unveils Urban Business Lane mega-project in New Cairo,2026-09-22,secondary,"Founded 1954; EGX listed 1996; 28,000+ units delivered; UBL 155,000 sqm"
S2-067,https://uptown6october.com/,Uptown 6 October,Uptown 6 October home page,2026-09-22,primary,"Township concept; Uptown Residence, Grand Uptown Mall, Kingdom of Knowledge school; news: 100% infrastructure completion covering 3,482 acres (Orascom and Hassan Allam)"
S2-068,https://www.dailynewsegypt.com/2024/11/03/zaeem-holding-launches-new-compound-in-badr-city-with-egp-1-2bn-projected-sales/,Daily News Egypt,Zaeem Holding launches new compound in Badr City with EGP 1.2bn projected sales,2026-09-22,secondary,"Lora 35,000 sqm, 450 units 65-159 sqm, up to 10 years; Downtown Badr 15 feddans"
S2-069,https://zaeemholding.com/,Zaeem Holding,Zaeem Holding home page,2026-09-22,primary,"Projects in Badr City: Downtown Mall, Mall Misr, Park Land Avenue, Palm Gardens, Jasmin Inn, Lora; offices Badr City and New Cairo"
S2-070,https://www.zawya.com/en/press-release/companies-news/zaeem-holding-launches-lora-eastfield-in-the-heart-of-el-shorouk-fs4ydghx,Zawya (company press release),Zaeem Holding launches Lora Eastfield in the heart of El Shorouk,2026-09-22,secondary,Search snippet only (page not opened): Lora Eastfield in El Shorouk; area and unit figures not recorded
S2-071,https://www.egygatenews.com/2026/09/dig-invests-over-egp-30bn-in-new.html,Egygate News,DIG Invests Over EGP 30bn in the New Capital and Targets EGP 8bn in Sales in 2027,2026-09-22,weak,Not an allowed press outlet; search snippet only. Official site dig-eg.org returned HTTP 406
S2-072,https://menassat-eg.com/our-projects/,Menassat Developments,"Our Projects and project pages (podia-tower, begonia-residence, begonia-walk, valory, axle, eclipse)",2026-09-22,primary,"Valory 6,750 sqm land; Eclipse 4,360 sqm; Podia Tower 110 m, 900+ units; Begonia Walk 53,000 sqm"
S2-073,https://sorouhdevelopments.com/developments/entrada,Sorouh Developments,"Entrada, Entrada Avenue and Rosevil development pages",2026-09-22,primary,"Entrada 300,522 sqm (72 acres), units 115-268 sqm; Entrada Avenue 29,000 sqm BUA mixed-use; Rosevil villas"
S3-001,https://hydeparkdevelopments.com,Hyde Park Developments,Hyde Park Developments home page,2026-09-22,primary,project list; who-we-are page did not render content
S3-002,https://www.dailynewsegypt.com/2025/08/31/top-10-egyptian-developers-record-egp-651bn-in-h1-2025-sales-marking-47-growth/,Daily News Egypt,Top 10 Egyptian developers record EGP 651bn in H1 2025 sales,2026-09-22,secondary,The Board Consulting ranking H1 2025
S3-003,https://www.dailynewsegypt.com/2025/11/23/egypts-top-10-real-estate-developers-record-egp-1-05trn-in-sales-during-m9-2025/,Daily News Egypt,Egypt's top 10 real estate developers record EGP 1.05trn in sales during M9 2025,2026-09-22,secondary,The Board Consulting ranking 9M 2025
S3-004,https://www.dailynewsegypt.com/2026/08/18/top-10-egyptian-developers-sales-rise-to-egp-670bn-in-h1-2026/,Daily News Egypt,Top 10 Egyptian developers' sales rise to EGP 670bn in H1 2026,2026-09-22,secondary,The Board Consulting ranking H1 2026
S3-005,https://www.dailynewsegypt.com/2025/02/23/egypts-top-21-real-estate-developers-double-sales-to-egp-1-4trn-in-2024/,Daily News Egypt,Egypt's top 21 real estate developers double sales to EGP 1.4trn in 2024,2026-09-22,secondary,The Board Consulting ranking full year 2024
S3-006,https://www.dailynewsegypt.com/2023/09/20/hyde-park-developments-achieves-egp-10bn-in-sales-in-8-months/,Daily News Egypt,Hyde Park Developments achieves EGP 10bn in sales in 8 months,2026-09-22,secondary,
S3-007,http://arabfinance.com/en/news/newdetails/47539,Arab Finance,"Hyde Park Developments launches 8,500-unit One Hyde Park in New Cairo",2026-09-22,secondary,updated 2026-09-09
S3-008,https://www.dailynewsegypt.com/2025/03/09/banque-du-caire-signs-egp-750m-loan-agreement-to-fund-hyde-parks-garden-residence-project/,Daily News Egypt,Banque du Caire signs EGP 750m loan agreement to fund Hyde Park's Garden Residence project,2026-09-22,secondary,
S3-009,https://www.dailynewsegypt.com/2024/03/31/nbe-acquires-24-share-in-hyde-park-developments/,Daily News Egypt,NBE acquires 24% share in Hyde Park Developments,2026-09-22,secondary,"land portfolio over 6 million sqm; converted to acres at 4,046.86 sqm per acre"
S3-010,https://www.dailynewsegypt.com/2025/03/05/banque-misr-grants-egp-2-6bn-credit-facility-to-hyde-park-for-sea-shore-project/,Daily News Egypt,Banque Misr grants EGP 2.6bn credit facility to Hyde Park for Sea Shore project,2026-09-22,secondary,
S3-011,https://www.dailynewsegypt.com/2022/09/23/hyde-park-developments-showcases-projects-in-east-and-west-cairo-north-coast-at-cityscape-egypt-exhibition/,Daily News Egypt,"Hyde Park Developments showcases projects in east and west Cairo, North Coast at Cityscape Egypt exhibition",2026-09-22,secondary,
S3-012,https://talaatmoustafa.com,TMG Holding,TMG home page and project list,2026-09-22,primary,
S3-013,https://ent.news/2026/2/1392.pdf,TMG Holding (hosted by Enterprise),"FY 2025 Earnings Release, 22 February 2026",2026-09-22,primary,"company's own copy at talaatmoustafa.com is a scanned PDF without text; land bank c.115 mn sqm converted at 4,046.86 sqm per acre"
S3-014,https://talaatmoustafa.com/upload/TMG%20Holding%209M25%20earnings%20release.pdf,TMG Holding,"9M 2025 Earnings release, November 2025",2026-09-22,primary,
S3-015,https://en.wikipedia.org/wiki/Talaat_Moustafa_Group,Wikipedia,Talaat Moustafa Group,2026-09-22,secondary,used for founding year and legal name only alongside IR
S3-016,https://talaatmoustafa.com/communities/al-rehab-new-cairo/,TMG Holding,Al Rehab - New Cairo,2026-09-22,primary,
S3-017,https://talaatmoustafa.com/communities/noor-city-capital-gardens/,TMG Holding,Noor Smart City - Capital Gardens,2026-09-22,primary,
S3-018,https://talaatmoustafa.com/communities/madinaty-new-cairo/,TMG Holding,Madinaty - New Cairo,2026-09-22,primary,
S3-019,https://www.dailynewsegypt.com/2026/02/23/tmg-strengthens-earnings-momentum-with-egp-62-5bn-in-revenues/,Daily News Egypt,TMG strengthens earnings momentum with EGP 62.5bn in revenues,2026-09-22,secondary,
S3-020,https://cityedgedevelopments.com,City Edge Developments,City Edge Developments home page and project list,2026-09-22,primary,statistics counters show placeholder zeros
S3-021,https://www.dailynewsegypt.com/2026/04/05/city-edge-achieves-record-egp-61-4bn-sales-in-2025-expands-hospitality-portfolio/,Daily News Egypt,"City Edge achieves record EGP 61.4bn sales in 2025, expands hospitality portfolio",2026-09-22,secondary,
S3-022,https://www.dailynewsegypt.com/2018/01/31/nuca-hdbeg-join-forces-introduce-city-edge-developments/,Daily News Egypt,"NUCA, HDBEG join forces to introduce City Edge Developments",2026-09-22,secondary,
S3-023,https://cityedgedevelopments.com/location/new-cairo-city-en/,City Edge Developments,New Cairo City projects; also project page /project/lush-valley/,2026-09-22,primary,
S3-024,https://blogs.realestate.gov.eg/arabella-group/,Egyptian Real Estate Platform (government blog),Arabella Group: Pioneering Egypt's Real Estate Landscape,2026-09-22,secondary,
S3-025,https://www.arabella-plaza.com/,Arabella Group,Arabella Group home page,2026-09-22,primary,project list only
S3-026,https://www.arabella-plaza.com/project/direction-white,Arabella Group,Direction White project page,2026-09-22,primary,
S3-027,https://ilcazar.com/projects/,IL Cazar Developments,ILCAZAR Projects,2026-09-22,primary,
S3-028,https://www.dailynewsegypt.com/2024/02/07/il-cazar-launches-the-crest-in-new-cairo-with-egp-60bn-investments/,Daily News Egypt,IL Cazar launches THE CREST in New Cairo with EGP 60bn investments,2026-09-22,secondary,
S3-029,https://www.dailynewsegypt.com/2024/05/27/il-cazar-developments-ventures-into-north-coast-with-safia/,Daily News Egypt,Il Cazar Developments ventures into North Coast with Safia,2026-09-22,secondary,
S3-030,https://www.dailynewsegypt.com/2025/03/23/il-cazar-expands-with-strategic-land-acquisitions-in-sheikh-zayed-north-coast/,Daily News Egypt,"Il Cazar expands with strategic land acquisitions in Sheikh Zayed, North Coast",2026-09-22,secondary,
S3-031,https://blogs.realestate.gov.eg/roya-developments/,Egyptian Real Estate Platform (government blog),Roya Developments: Redefining Luxury Living and Business in Egypt,2026-09-22,secondary,
S3-032,https://www.dailynewsegypt.com/2024/04/29/aaib-nbe-alliance-grants-roya-developments-egp-5-6bn-loan/,Daily News Egypt,AAIB-NBE alliance grants Roya Developments EGP 5.6bn loan,2026-09-22,secondary,
S3-033,https://www.dailynewsegypt.com/2023/09/11/saada-new-cairo-new-real-estate-project-by-horizon-egypt-developments-with-egp-36bn-investment/,Daily News Egypt,Saada New Cairo: New real estate project by Horizon Egypt Developments with EGP 36bn investment,2026-09-22,secondary,
S3-034,https://www.arabfinance.com/en/news/newdetails/horizon-to-deploy-hikvision-smart-city-tech-solutions-across-developments,Arab Finance,Horizon Egypt to deploy Hikvision smart city tech solutions across developments,2026-09-22,secondary,dated 2025-12-16
S3-035,https://blogs.realestate.gov.eg/horizon-egypt-developments/,Egyptian Real Estate Platform (government blog),Horizon Egypt Developments: Shaping the Future of Egyptian Real Estate,2026-09-22,secondary,
S3-036,https://www.alkarmadevelopments.com/,AlKarma Developments,AlKarma Developments home page,2026-09-22,primary,
S3-037,https://www.dailynewsegypt.com/2022/06/21/fawaz-al-hokair-group-invests-over-480m-in-egypt-aims-to-inject-more/,Daily News Egypt,"Saudi Arabia's Fawaz Al Hokair Group invests over $480m in Egypt, aims to inject more",2026-09-22,secondary,
S3-038,https://en.wikipedia.org/wiki/Mall_of_Arabia_Cairo,Wikipedia,Mall of Arabia Cairo,2026-09-22,secondary,
S3-039,https://marakez.net/aboutUs,Marakez,Marakez about us,2026-09-22,primary,group founded 1989
S3-040,https://nationsofsky.com,Nations of Sky,Nations of Sky home page,2026-09-22,primary,
S3-041,https://www.jiriannewzayed.com/nations-of-sky,jiriannewzayed.com,Nations of Sky page on Jirian site,2026-09-22,weak,"appears to be a broker or marketing clone; its 2,500 feddan figure not used"
S3-042,https://cairocapitaldevelopments.com/,Cairo Capital Developments,Cairo Capital Developments home page,2026-09-22,primary,
S3-043,https://www.dailynewsegypt.com/2022/12/05/el-riyad-castle-development-launches-valore-el-thawra-project/,Daily News Egypt,El Riyad Castle Development launches Valore El-Thawra project,2026-09-22,secondary,
S3-044,https://valore-misr.com/,Valore Egypt,Valore Egypt site,2026-09-22,primary,placeholder page only: 'the site is up'
S3-045,https://karnakrealestatedevelopments.com/,Karnak Real Estate Developments,Karnak home page,2026-09-22,primary,
S3-046,https://karnakrealestatedevelopments.com/portfolio/belva/,Karnak Real Estate Developments,Belva project page,2026-09-22,primary,
S3-047,https://www.enzadevelopments.com/en,Enza Developments,Enza Developments home page,2026-09-22,primary,
S3-048,https://aplusdevelopmentseg.com/,A+ Developments,A+ Developments home page,2026-09-22,primary,
S3-049,https://ajnadevelopments.com,Ajna Developments,Ajna Developments home page,2026-09-22,primary,founded 2019
S3-050,https://www.dailynewsegypt.com/2023/07/17/ajna-developments-to-introduce-residential-project-in-east-cairo/,Daily News Egypt,Ajna Developments to introduce residential project in east Cairo,2026-09-22,secondary,
S3-051,https://www.dailynewsegypt.com/2024/11/19/ajna-developments-launches-eastville-with-egp-5bn-investment-in-new-cairo/,Daily News Egypt,Ajna Developments launches Eastville with EGP 5bn investment in New Cairo,2026-09-22,secondary,
S3-052,https://www.dailynewsegypt.com/2026/05/10/ajna-manara-partner-on-phase-four-of-carnelia-in-galala/,Daily News Egypt,"Ajna, Manara partner on phase four of Carnelia in Galala",2026-09-22,secondary,
S3-053,https://www.dailynewsegypt.com/2020/02/03/altameer-arabian-launches-egypt-debut-rivan-new-capital-with-egp-3bn-investments/,Daily News Egypt,Altameer Arabian launches Egypt debut Rivan New Capital with EGP 3bn investments,2026-09-22,secondary,
S3-054,https://www.dailynewsegypt.com/2021/03/27/altameer-arabian-to-increase-its-real-estate-investment-in-egypt-to-egp-10bn-over-3-years/,Daily News Egypt,AlTameer Arabian to increase its real estate investment in Egypt to EGP 10bn over 3 years,2026-09-22,secondary,
S3-055,https://www.dailynewsegypt.com/2020/11/04/altameer-arabian-unveils-nacs-rivan-square-with-egp-1bn-investments/,Daily News Egypt,AlTameer Arabian unveils NAC's Rivan Square with EGP 1bn investments,2026-09-22,secondary,
S3-056,https://www.dailynewsegypt.com/2025/08/24/buildex-developments-launches-eden-park-in-6th-of-october-with-egp-600m-sales-target/,Daily News Egypt,BUILDEX Developments launches Eden Park in 6th of October with EGP 600m sales target,2026-09-22,secondary,
S3-057,https://www.dailynewsegypt.com/2026/03/01/buildex-developments-explores-expansion-opportunities-in-west-cairo/,Daily News Egypt,BUILDEX Developments explores expansion opportunities in West Cairo,2026-09-22,secondary,
S3-058,https://en.amwalalghad.com/cornerstone-development-starts-its-debut-project-in-egypts-new-capital/,Amwal Al Ghad (English),Cornerstone Development starts its debut project in Egypt's new capital,2026-09-22,secondary,published 2019-12-07; business newspaper not on the named list
S3-059,https://cornerstonedv.com/projects/1,Cornerstone Development,RED Water Villas and Floating Gardens,2026-09-22,primary,
S3-060,https://blogs.realestate.gov.eg/red-mostakbal-city-egypt/,Egyptian Real Estate Platform (government blog),"Red Mostakbal City, Egypt",2026-09-22,secondary,price quoted without publication date; accessed date used
S3-061,https://www.dailynewsegypt.com/2024/06/03/el-batal-developments-to-launch-5-new-projects-with-egp-10bn-investments-in-2024/,Daily News Egypt,El Batal Developments to launch 5 new projects with EGP 10bn investments in 2024,2026-09-22,secondary,2023 contractual sales about EGP 3bn
S3-062,https://www.dailynewsegypt.com/2024/11/24/rock-developments-launches-with-egp-10bn-investments/,Daily News Egypt,Rock Developments launches with EGP 10bn investments,2026-09-22,secondary,
S3-063,https://www.dailynewsegypt.com/2025/12/28/golden-land-development-launches-egp-5bn-naseem-residential-compound-in-sheikh-zayed/,Daily News Egypt,Golden Land Development launches EGP 5bn Naseem residential compound in Sheikh Zayed,2026-09-22,secondary,
S3-064,https://www.hdg.com.eg/projects/korba-heights/,Heliopolis Developers Group,Korba Heights project page,2026-09-22,primary,
S3-065,https://www.hdg.com.eg/all-projects/,Heliopolis Developers Group,All Projects,2026-09-22,primary,
S3-066,https://www.dailynewsegypt.com/2021/04/26/heliopolis-developers-to-debut-residential-project-with-egp-2bn-investments/,Daily News Egypt,Heliopolis Developers to debut residential project with EGP 2bn investments,2026-09-22,secondary,
S3-067,https://www.dailynewsegypt.com/2026/07/12/j-communities-launches-as-parent-platform-restructuring-new-jersey-developments-real-estate-portfolio/,Daily News Egypt,"J Communities launches as parent platform, restructuring New Jersey Developments' real estate portfolio",2026-09-22,secondary,
S3-068,https://njdegypt.com/en/,New Jersey Developments,New Jersey Development home page,2026-09-22,primary,
S3-069,https://www.dailynewsegypt.com/2026/08/23/khaled-sabry-developments-sells-out-first-phase-of-waterside-villas-deliveries-begin-october/,Daily News Egypt,"Khaled Sabry Developments sells out first phase of Waterside Villas, deliveries begin October",2026-09-22,secondary,
S3-070,https://www.dailynewsegypt.com/2024/07/29/khaled-sabry-development-eyes-egp-4bn-in-sales-of-rosail-at-mostakbal-city/,Daily News Egypt,Khaled Sabry Development eyes EGP 4bn in sales of Rosail at Mostakbal City,2026-09-22,secondary,
S3-071,https://www.dailynewsegypt.com/2026/05/10/khaled-sabry-developments-launches-waterside-villas-in-rosail-city-with-immediate-delivery/,Daily News Egypt,Khaled Sabry Developments launches Waterside Villas in Rosail City with immediate delivery,2026-09-22,secondary,
S3-072,https://dailynewsegypt.com/2021/05/24/khaled-sabry-holding-introduces-ronza-tower-with-egp-500m-investments/,Daily News Egypt,Khaled Sabry Holding introduces Ronza Tower with EGP 500m investments,2026-09-22,secondary,
S3-073,https://www.dailynewsegypt.com/2026/01/04/lazura-developments-launches-new-cairo-project-with-egp-8bn-in-investments/,Daily News Egypt,Lazura Developments launches New Cairo project with EGP 8bn in investments,2026-09-22,secondary,
S3-074,https://lazuradevelopments.com/projects/,Lazura Developments,Projects and about-us pages,2026-09-22,primary,
S3-075,https://www.dailynewsegypt.com/2025/09/07/makkah-developments-prepares-to-launch-rowaq-compound-in-sheikh-zayed/,Daily News Egypt,Makkah Developments prepares to launch Rowaq Compound in Sheikh Zayed,2026-09-22,secondary,
S3-076,https://www.dailynewsegypt.com/2026/05/17/makkah-developments-partners-with-golden-tulip-for-hospitality-operations-at-rowaq-in-sheikh-zayed/,Daily News Egypt,Makkah Developments partners with Golden Tulip for hospitality operations at Rowaq in Sheikh Zayed,2026-09-22,secondary,
S3-077,https://makkah-dev.com/en,Makkah Real Estate Development,Makkah home page,2026-09-22,primary,
S3-078,https://www.dailynewsegypt.com/2022/01/31/master-group-completes-planned-constructions-of-the-city-project/,Daily News Egypt,Master Group completes planned constructions of The City project,2026-09-22,secondary,
S3-079,https://blogs.realestate.gov.eg/master-group-pioneering-a-new-era-in-egyptian-real-estate/,Egyptian Real Estate Platform (government blog),Master Group: Pioneering a New Era in Egyptian Real Estate,2026-09-22,secondary,
S3-080,https://www.dailynewsegypt.com/2025/11/16/najm-developments-initiates-veln-project-in-new-cairo-with-egp-1-6bn-in-investments/,Daily News Egypt,Najm Developments initiates VELN project in New Cairo with EGP 1.6bn in investments,2026-09-22,secondary,
S3-081,https://www.dailynewsegypt.com/2025/10/26/one-of-one-expands-footprint-in-egypt-with-two-integrated-developments-in-sheikh-zayed-new-cairo/,Daily News Egypt,"One of One expands footprint in Egypt with two integrated developments in Sheikh Zayed, New Cairo",2026-09-22,secondary,
S3-082,https://www.dailynewsegypt.com/2026/05/21/one-of-one-records-egp-1-5bn-sales-opens-new-hq-to-drive-expansion/,Daily News Egypt,"One of One records EGP 1.5bn sales, opens new HQ to drive expansion",2026-09-22,secondary,
S3-083,https://dailynewsegypt.com/2021/12/12/pyramids-developments-launches-pyramids-city-with-egp-25bn-investments/,Daily News Egypt,Pyramids Developments launches Pyramids City with EGP 25bn investments,2026-09-22,secondary,
S3-084,https://www.dailynewsegypt.com/2019/09/03/pyramids-launches-paris-east-mall-in-new-capital-with-egp-2bn-investments/,Daily News Egypt,Pyramids launches Paris East Mall in New Capital with EGP 2bn investments,2026-09-22,secondary,
S3-085,https://siacholding.com/development,SIAC Holding,Development,2026-09-22,primary,
S3-086,https://www.dailynewsegypt.com/2026/04/26/siac-developments-seals-strategic-partnerships-for-rewaya-project-in-sheikh-zayed/,Daily News Egypt,SIAC Developments seals strategic partnerships for Rewaya project in Sheikh Zayed,2026-09-22,secondary,
S3-087,https://www.dailynewsegypt.com/2025/02/09/slvr-communities-unveils-rvr-as-part-of-egp-30bn-investment-plan-over-five-years/,Daily News Egypt,Slvr Communities unveils RVR as part of EGP 30bn investment plan over five years,2026-09-22,secondary,
S3-088,https://www.dailynewsegypt.com/2025/10/26/slvr-communities-launches-vybe-mixed-use-project-in-new-cairos-fifth-settlement/,Daily News Egypt,Slvr Communities launches VYBE mixed-use project in New Cairo's Fifth Settlement,2026-09-22,secondary,
S3-089,https://tesladevelopments.com/en/about,Tesla Real Estate Development,About us,2026-09-22,primary,
S3-090,https://www.tesladevelopments.com/en/project/details/5-in-6th-of-October-City-tesla-residence-project-compound,Tesla Real Estate Development,Tesla Residence project page,2026-09-22,primary,
S3-091,https://upwyde.com,Upwyde Developments,Upwyde home page,2026-09-22,primary,
S3-092,http://arabfinance.com/en/news/newdetails/45063,Arab Finance,Upwyde partners with BirdNest to introduce serviced apartments at Skyramp,2026-09-22,secondary,dated 2026-06-29
S3-093,http://arabfinance.com/en/news/newdetails/42387,Arab Finance,"Upwyde, Vezeeta to operate medical building in New Cairo's Prk Vie",2026-09-22,secondary,
S3-094,https://www.arabfinance.com/en/news/newdetails/zahraa-maadi-approves-integrated-residential-project,Arab Finance,Zahraa Maadi approves EGP 82B residential project with Al Safi Properties,2026-09-22,secondary,updated 2026-09-20
S3-095,https://www.dailynewsegypt.com/2021/12/23/zahraa-el-maadi-purchases-land-plot-in-new-heliopolis-for-new-residential-projects/,Daily News Egypt,Zahraa El Maadi purchases land plot in New Heliopolis for new residential projects,2026-09-22,secondary,
S3-096,https://www.arabfinance.com/en/news/newdetails/21965,Arab Finance,Zahraa Maadi Investment's profits up 63.2% YoY in 2024,2026-09-22,secondary,
S3-097,https://www.arabfinance.com/en/Home/CompanyProfile/ZMID,Arab Finance,Company Profile ZMID,2026-09-22,secondary,
S3-098,https://www.dailynewsegypt.com/2026/04/26/el-mahfouz-developments-launches-moqattam-business-complex-in-east-cairo/,Daily News Egypt,El Mahfouz Developments launches MoQattam Business Complex in East Cairo,2026-09-22,secondary,
S3-099,https://www.dailynewsegypt.com/2026/02/08/nawassy-developments-partners-with-rotana-to-manage-n-line-hotel-in-new-cairo/,Daily News Egypt,Nawassy Developments partners with Rotana to manage N LINE hotel in New Cairo,2026-09-22,secondary,
S3-100,https://blogs.realestate.gov.eg/51689nawassy-developments/,Egyptian Real Estate Platform (government blog),Nawassy Developments: Elevating Real Estate Standards in Egypt,2026-09-22,secondary,
S3-101,https://urbnlanes.com/about/,Urbnlanes Developments,About,2026-09-22,primary,
S3-102,https://blogs.realestate.gov.eg/urbnlanes-developments/,Egyptian Real Estate Platform (government blog),Urbnlanes Developments: A Comprehensive Overview,2026-09-22,secondary,
S4-001,https://www.dailynewsegypt.com/2026/04/05/sodic-posts-record-118-revenue-growth-in-2025-results/,Daily News Egypt,SODIC posts record 118% revenue growth in 2025 results,2026-09-22,secondary,"2025 revenues, contracted sales, cumulative units sold/delivered, Aldar/ADQ ownership"
S4-002,https://www.arabfinance.com/en/news/newdetails/sodic-reports-higher-sales-in-2025,Arab Finance,SODIC reports EGP 48.4B sales in 2025,2026-09-22,secondary,
S4-003,"https://www.tradingview.com/news/reuters.com,2026-02-08:newsml_Zaw3Tnmzm:0-zawya-pressr-sodic-s-net-profit-and-revenues-surge-in-2025/",Zawya press release (via TradingView),SODIC's net profit and revenues surge in 2025,2026-09-22,secondary,"Company press release: 1,788 units sold and 2,083 delivered in 2025; Eastvale, Ogami, 464 Acres"
S4-004,https://s3.amazonaws.com/resources.inktankir.com/sodicv2/SODIC-9M-IR-Presentation.pdf,SODIC Investor Relations,Investor Presentation December 2023 (9M 2023),2026-09-22,primary,"Project fact sheets, land areas, statuses as of Sept 2023"
S4-005,https://www.dailynewsegypt.com/2025/10/12/sodic-midar-partner-to-develop-egp-110bn-urban-project-in-east-cairo/,Daily News Egypt,"SODIC, MIDAR partner to develop EGP 110bn urban project in East Cairo",2026-09-22,secondary,
S4-006,https://www.dailynewsegypt.com/2026/08/18/top-10-egyptian-developers-sales-rise-to-egp-670bn-in-h1-2026/,Daily News Egypt,Top 10 Egyptian developers' sales rise to EGP 670bn in H1 2026,2026-09-22,secondary,The Board Consulting H1 2026 top-10 ranking
S4-007,https://www.zawya.com/en/capital-markets/equities/egypt-sodic-reports-890.3mln-sales-in-2025-351587,Zawya,Egypt: SODIC reports $890.3mln sales in 2025,2026-09-22,secondary,
S4-008,https://www.alahlysabbour.com/,Al Ahly Sabbour,Home page,2026-09-22,primary,Founded 1994; 12M+ sqm developed; 65+ developments
S4-009,https://www.alahlysabbour.com/en/project/the-mornings,Al Ahly Sabbour,The Mornings,2026-09-22,primary,
S4-010,https://www.alahlysabbour.com/en/project/at-east,Al Ahly Sabbour,At East,2026-09-22,primary,
S4-011,https://www.alahlysabbour.com/en/project/the-ridge,Al Ahly Sabbour,The Ridge,2026-09-22,primary,
S4-012,https://www.alahlysabbour.com/en/project/alaire,Al Ahly Sabbour,Alaire,2026-09-22,primary,
S4-013,https://www.alahlysabbour.com/en/project/keeva,Al Ahly Sabbour,Keeva,2026-09-22,primary,
S4-014,https://www.alahlysabbour.com/en/project/youd,Al Ahly Sabbour,YOUD,2026-09-22,primary,
S4-015,https://www.alahlysabbour.com/en/project/summer,Al Ahly Sabbour,Summer,2026-09-22,primary,
S4-016,https://www.dailynewsegypt.com/2025/02/12/al-ahly-sabbour-to-invest-egp-10bn-in-2025/,Daily News Egypt,Al Ahly Sabbour to invest EGP 10bn in 2025,2026-09-22,secondary,"2024 sales EGP 32.5bn; 2,500 units delivered 2024; project statuses"
S4-017,https://www.dailynewsegypt.com/2025/08/10/al-ahly-sabbour-jedar-secure-egp-10bn-in-youd-ras-el-hekma-sales-within-2-days/,Daily News Egypt,"Al Ahly Sabbour, Jedar secure EGP 10bn in YOUD Ras El-Hekma sales within 2 days",2026-09-22,secondary,
S4-018,https://www.arabfinance.com/en/News/newdetails/29393,Arab Finance,Al Ahly Sabbour registers EGP 27B in 2025 sales target,2026-09-22,secondary,
S4-019,https://www.dailynewsegypt.com/2025/09/23/al-ahly-sabbour-2025-a-renewed-vision-entrenched-leadership/,Daily News Egypt,"Al Ahly Sabbour 2025: A renewed vision, entrenched leadership",2026-09-22,secondary,"Over 1,000 feddans in Mostakbal City across seven projects; 1,222 feddans North Coast across five projects"
S4-020,https://alahlysabbour.com/en/project/gaia,Al Ahly Sabbour,Gaia,2026-09-22,primary,
S4-021,https://alahlysabbour.com/en/project/green-square,Al Ahly Sabbour,Green Square,2026-09-22,primary,
S4-022,https://alahlysabbour.com/en/project/lavenir,Al Ahly Sabbour,L'avenir,2026-09-22,primary,
S4-023,https://alahlysabbour.com/en/development/by-the-sea,Al Ahly Sabbour,By the Sea developments,2026-09-22,primary,
S4-024,https://alahlysabbour.com/en/development/east-cairo,Al Ahly Sabbour,East Cairo developments,2026-09-22,primary,
S4-025,https://www.marakez.net/,Marakez,Home page,2026-09-22,primary,20+ years; project list by region
S4-026,https://marakez.net/projects/district-5,Marakez,District 5,2026-09-22,primary,
S4-027,https://marakez.net/projects/ramla,Marakez,Ramla,2026-09-22,primary,
S4-028,https://marakez.net/whatwedo,Marakez,What we do,2026-09-22,primary,
S4-029,https://www.dailynewsegypt.com/2026/02/07/marakez-secures-egp-3bn-credit-facility-from-banque-misr/,Daily News Egypt,MARAKEZ secures EGP 3bn credit facility from Banque Misr,2026-09-22,secondary,
S4-030,https://www.dailynewsegypt.com/2025/08/31/top-10-egyptian-developers-record-egp-651bn-in-h1-2025-sales-marking-47-growth/,Daily News Egypt,Top 10 Egyptian developers record EGP 651bn in H1 2025 sales,2026-09-22,secondary,The Board Consulting H1 2025 top-10 ranking
S4-031,http://arabfinance.com/en/news/newdetails/47894,Arab Finance,"Orange Egypt, Marakez pen partnership to deploy digital infrastructure across 4 developments",2026-09-22,secondary,
S4-032,https://www.dailynewsegypt.com/2019/03/27/marakez-invests-egp-6bn-in-district-5-project/,Daily News Egypt,Marakez invests EGP 6bn in District 5 project,2026-09-22,secondary,"Fawaz AlHokair Group company; Aeon, Mall of Tanta, Mall of Arabia facts"
S4-033,https://pregroup-eg.com/about-us,PRE Group,About Us,2026-09-22,primary,Since 2007; 12+mn sqm land bank; 19K+ delivered units; 16+ developments; 6 subsidiaries
S4-034,https://pregroup-eg.com/,PRE Group,Home page,2026-09-22,primary,"Project list by category; HQ Building 231, Central New Cairo"
S4-035,https://pregroup-eg.com/investor-relations,PRE Group,Investor Relations overview,2026-09-22,primary,"Subsidiaries: Roya Group, Cairo for Housing and Development, Giza General Contracting, United Company for Housing and Development, El Saeed Contracting"
S4-036,https://pregroup-eg.com/ivoire-west,PRE Group,Ivoire West,2026-09-22,primary,
S4-037,https://pregroup-eg.com/jebal,PRE Group,Jebal,2026-09-22,primary,Phase I delivery event
S4-038,https://pregroup-eg.com/bbd,PRE Group,BBD,2026-09-22,primary,Covaya hotel / serviced apartments launch at Telal Sokhna
S4-039,https://www.arabfinance.com/en/news/newdetails/pre-group-completes-delivery-of-hadaba-project,Arab Finance,"PRE Group completes delivery of EGP4 B Hadaba project, advances Ivoire West ahead of schedule",2026-09-22,secondary,
S4-040,https://www.arabfinance.com/en/news/newdetails/pre-group-wins-bid-to-develop-mixed-use-project-in-new-zayed-city,Arab Finance,PRE Group wins bid to develop EGP 94B mixed-use project in New Zayed City,2026-09-22,secondary,
S4-041,https://www.dailynewsegypt.com/2026/05/19/pre-group-targets-end-2026-delivery-of-first-phase-at-ivoire-west-in-sheikh-zayed/,Daily News Egypt,PRE Group targets end-2026 delivery of first phase at Ivoire West in Sheikh Zayed,2026-09-22,secondary,
S4-042,https://www.dailynewsegypt.com/2026/04/05/pre-group-to-partner-with-eight-global-hotel-brands-adding-10000-hospitality-units-across-egypt/,Daily News Egypt,"PRE Group to partner with eight global hotel brands, adding 10,000 hospitality units across Egypt",2026-09-22,secondary,
S4-043,https://www.dailynewsegypt.com/2024/04/08/pre-developments-initiates-hadaba-project-delivery/,Daily News Egypt,PRE Developments initiates HADABA project delivery,2026-09-22,secondary,"PRE Developments founded 2017; Stone Residence completed 2021 with over 4,000 units"
S4-045,https://www.kronberg-eg.com/,Kronberg,Home page,2026-09-22,primary,"HQ KM17 The Village Road, Hurghada"
S4-046,https://kronberg-eg.com/about/,Kronberg,About,2026-09-22,primary,Backed by Safa Water Technology (Watertec Group) and Villa Development
S4-047,https://kronberg-eg.com/projects/,Kronberg,Projects,2026-09-22,primary,
S4-048,https://www.wadidegladevelopments.com/,Wadi Degla Developments,Home page,2026-09-22,primary,"Founded 2005; HQ Zahraa El Maadi; 6,000,000 sqm land bank; 23,000 units; 14,600 delivered; 20 projects"
S4-049,https://www.dailynewsegypt.com/2026/04/19/wadi-degla-developments-records-egp-5-6bn-in-2025-sales/,Daily News Egypt,Wadi Degla Developments records EGP 5.6bn in 2025 sales,2026-09-22,secondary,
S4-050,https://www.dailynewsegypt.com/2026/08/04/wadi-degla-developments-enters-upper-egypt-market-with-clubtown-minya-project/,Daily News Egypt,Wadi Degla Developments enters Upper Egypt market with ClubTown Minya project,2026-09-22,secondary,
S4-051,https://www.dailynewsegypt.com/2025/01/28/wadi-degla-developments-delivers-1500-units-in-2024-boosts-capital-by-121/,Daily News Egypt,"Wadi Degla Developments delivers 1,500 units in 2024, boosts capital by 121%",2026-09-22,secondary,
S4-052,https://www.arabfinance.com/en/news/newdetails/22098,Arab Finance,Wadi Degla Developments marks 20-year with ambitious plans for 2025,2026-09-22,secondary,
S4-053,https://www.wadidegladevelopments.com/project-phases/clubtown-maadi/,Wadi Degla Developments,ClubTown New Degla,2026-09-22,primary,
S4-054,https://www.wadidegladevelopments.com/project-phases/neo/,Wadi Degla Developments,Neo Mostakbal City,2026-09-22,primary,
S4-055,https://www.wadidegladevelopments.com/project-phases/murano/,Wadi Degla Developments,Murano El Sokhna,2026-09-22,primary,
S4-056,https://www.wadidegladevelopments.com/projects/vero/,Wadi Degla Developments,Vero North Coast,2026-09-22,primary,
S4-057,https://www.dailynewsegypt.com/2025/08/24/misr-italia-commits-egp-11bn-to-real-estate-investments-in-2025/,Daily News Egypt,Misr Italia commits EGP 11bn to real estate investments in 2025,2026-09-22,secondary,
S4-058,https://www.dailynewsegypt.com/2024/09/25/misr-italia-properties-reports-egp-15bn-in-contracted-sales-during-2024/,Daily News Egypt,Misr Italia Properties reports EGP 15bn in contracted sales during 2024,2026-09-22,secondary,EGP 15bn in first 8 months of 2024; 7.1M sqm portfolio
S4-059,https://www.dailynewsegypt.com/2023/09/20/misr-italia-properties-to-launch-new-phase-of-il-bosco-city-in-october-ceo/,Daily News Egypt,Misr Italia Properties to launch new phase of IL BOSCO City in October: CEO,2026-09-22,secondary,
S4-060,https://www.misritaliaproperties.com/,Misr Italia Properties,Home page,2026-09-22,primary,JavaScript-rendered; no content extracted
S4-061,https://www.dailynewsegypt.com/2025/05/25/tbk-developments-announces-egp-180bn-investment-across-three-real-estate-projects-in-egypt/,Daily News Egypt,TBK Developments announces EGP 180bn investment across three real estate projects in Egypt,2026-09-22,secondary,
S4-062,https://www.dailynewsegypt.com/2024/12/24/tabarak-holding-invests-egp-60bn-in-real-estate-development-for-2024/,Daily News Egypt,Tabarak Holding invests EGP 60bn in real estate development for 2024,2026-09-22,secondary,TBK Developments launched 2021; 4.5M sqm land portfolio
S4-063,https://www.dailynewsegypt.com/2025/08/03/tbk-developments-partners-with-global-experts-to-create-next-generation-urban-hubs-in-cairo/,Daily News Egypt,TBK Developments partners with global experts to create next-generation urban hubs in Cairo,2026-09-22,secondary,
S4-064,https://www.capitalgroupproperties.com/,Capital Group Properties (USA),Home page,2026-09-22,weak,"Wrong entity: a Massachusetts, USA property firm, not the Egyptian CGP; stage-1 website is incorrect"
S4-065,https://www.dailynewsegypt.com/2023/06/26/capital-group-properties-reinforces-commitment-to-strategic-growth-plan-in-egypt/,Daily News Egypt,Capital Group Properties reinforces commitment to strategic growth plan in Egypt,2026-09-22,secondary,Founded 2015; CEO Ahmed Aref
S4-066,https://www.dailynewsegypt.com/2025/05/04/imkan-misr-increases-investments-to-egp-2-56bn-to-drive-expansion-in-egyptian-market/,Daily News Egypt,IMKAN Misr increases investments to EGP 2.56bn to drive expansion in Egyptian market,2026-09-22,secondary,
S4-067,https://www.dailynewsegypt.com/2024/10/08/discover-alburouj-the-perfect-circle-developed-by-imkan-misr/,Daily News Egypt,"Discover Alburouj the Perfect Circle, developed by IMKAN Misr",2026-09-22,secondary,
S4-068,https://www.arabfinance.com/en/news/newdetails/imkan-misr-introduces-u-by-clubside-as-new-phase-of-alburouj-development,Arab Finance,IMKAN Misr introduces U by Clubside as new phase of Alburouj Development,2026-09-22,secondary,
S4-069,https://www.dailynewsegypt.com/2025/05/25/voya-development-launches-coy-project-in-west-cairo-with-egp-2bn-investment/,Daily News Egypt,Voya Development launches COY project in West Cairo with EGP 2bn investment,2026-09-22,secondary,
S4-070,https://voyadevelopment.com/,Voya Development,Home page,2026-09-22,primary,"HQ The Strip SODIC West, Sheikh Zayed; 4 communities"
S4-071,https://www.dailynewsegypt.com/2024/09/24/gates-developments-announces-recent-achievements-and-ambitious-future-plans/,Daily News Egypt,Gates Developments announces recent achievements and ambitious future plans,2026-09-22,secondary,
S4-072,https://www.gatesdevelopments.com/,Gates Developments,Home page,2026-09-22,primary,States founded 1996; 9 projects
S4-073,https://blogs.realestate.gov.eg/egygab-developments/,Official Egyptian Real Estate Platform Blog,EGYGAB Developments: Shaping Egypt's Urban Future with Excellence and Innovation,2026-09-22,secondary,"Nov 2024; generic text, 40+ years experience; project names without locations"
S4-074,https://www.dailynewsegypt.com/2021/03/01/egygab-developments-purchases-83k-sqm-land-from-mnhd/,Daily News Egypt,EGYGAB Developments purchases 83k-sqm land from MNHD,2026-09-22,secondary,
S4-075,https://symphony-development.com/,Symphony Development,Home page,2026-09-22,primary,18 years experience; BAHJA Residence Sheikh Zayed; locations listed
S4-076,https://www.dailynewsegypt.com/2026/07/26/aig-eyes-new-capital-expansion-plans-new-projects/,Daily News Egypt,"AIG eyes New Capital expansion, plans new projects",2026-09-22,secondary,
S4-077,https://www.aigmisr.com/blogs/ai-tower-project-guide,AIG,AI Tower New Capital: Project Guide & 2026 Milestones,2026-09-22,primary,CSCEC appointed main contractor Aug 2026
S4-078,https://www.dailynewsegypt.com/2026/07/19/aknan-developments-launches-tekvera-new-cairo-targets-egp-5bn-in-new-projects/,Daily News Egypt,"Aknan Developments launches TEKVERA New Cairo, targets EGP 5bn in new projects",2026-09-22,secondary,
S4-079,https://aknan.com.eg/about-us/,Aknan Developments,About us,2026-09-22,primary,"Contracting since 2002, real estate since 2007; 700+ units delivered in New Cairo"
S4-080,https://aknan.com.eg/,Aknan Developments,Home page,2026-09-22,primary,HQ New Cairo
S4-081,https://www.dailynewsegypt.com/2026/07/26/alwaheed-developments-launches-egp-3bn-zaha-residence-in-west-cairo/,Daily News Egypt,AlWaheed Developments launches EGP 3bn ZAHA Residence in West Cairo,2026-09-22,secondary,
S4-082,https://alwaheeddevelopment.com/projects/vivid-mall/,Al-Waheed Developments,VIVID Mall,2026-09-22,primary,Partner Al Hajery Group (Qatar); construction commenced 28 June 2021
S4-083,https://blogs.realestate.gov.eg/better-home-projects-in-the-new-administrative-capital-egypt/,Official Egyptian Real Estate Platform Blog,Better Home Projects In The New Administrative Capital,2026-09-22,secondary,Aug 2024; no figures
S4-084,https://www.dailynewsegypt.com/2024/09/08/cred-developments-to-deliver-300-units-at-clm-in-new-capital-by-year-end/,Daily News Egypt,Cred Developments to deliver 300 units at CLM in New Capital by year-end,2026-09-22,secondary,
S4-085,https://www.dailynewsegypt.com/2021/09/22/el-mostakbal-urban-development-launches-its-service-project-in-mostakbal-city-in-the-heart-of-new-cairo/,Daily News Egypt,El Mostakbal Urban Development launches its service project in Mostakbal City in the heart of New Cairo,2026-09-22,secondary,
S4-086,http://www.arabfinance.com/en/news/newdetails/grova-developments-enters-egypt-real-estate-market-with-grova-easthills-launch,Arab Finance,Grova Developments enters Egypt's real estate market with Grova EastHills launch,2026-09-22,secondary,
S4-087,"https://www.tradingview.com/news/reuters.com,2026-06-15:newsml_Zaw7KNGMt:0-zawya-egyptian-kuwaiti-real-estate-grova-partner-on-5-3bln-west-cairo-development/",Zawya (via TradingView),"Egyptian Kuwaiti Real Estate, Grova partner on $5.3bln West Cairo development",2026-09-22,secondary,
S4-088,https://enterpriseam.com/egypt/2026/02/15/hassan-allams-grova-developments-swaps-local-roots-for-a-regional-footprint-in-riyadh-with-sar-3-3-bn-project/,Enterprise,Hassan Allam's Grova Developments swaps local roots for a regional footprint in Riyadh with SAR 3.3 bn project,2026-09-22,secondary,
S4-089,https://www.grovadevelopments.com/,Grova Developments,Home page,2026-09-22,primary,
S4-090,https://www.arabfinance.com/en/news/newdetails/heliopolis-housing-profits-rise-6-percent-yoy-in-2025,Arab Finance,Heliopolis Housing's profits rise 6% YoY in 2025,2026-09-22,secondary,"2025 sales EGP 3.137bn (financial-statement sales, not contracted sales)"
S4-091,https://www.arabfinance.com/en/news/newdetails/misr-el-gedida-expects-revenues-from-new-heliopolis-partnerships,Arab Finance,Misr El-Gedida expects EGP 250B in revenues from New Heliopolis partnerships,2026-09-22,secondary,"About 2,500 feddans in partnerships; 700 feddans owned in New Heliopolis; 1,450 feddans land bank"
S4-092,https://www.dailynewsegypt.com/2025/06/01/heliopolis-company-for-housing-to-develop-766-feddans-in-hadayek-al-asima-as-part-of-expansion-strategy/,Daily News Egypt,Heliopolis Company for Housing to develop 766 Feddans in Hadayek Al-Asima as part of expansion strategy,2026-09-22,secondary,Founded 1905 by Baron Empain
S4-093,https://www.dailynewsegypt.com/2024/07/14/madinet-masr-misr-al-gadida-for-housing-development-sign-co-development-project-in-new-heliopolis-city/,Daily News Egypt,"Madinet Masr, Misr Al-Gadida for Housing & Development sign co-development project in New Heliopolis City",2026-09-22,secondary,
S4-094,https://www.arabfinance.com/en/news/newdetails/misr-el-gedida-partners-with-modad-on-new-heliopolis-project,Arab Finance,Misr El-Gedida eyes EGP 6.08B revenue from New Heliopolis partnership with Modad,2026-09-22,secondary,
S4-095,https://www.dailynewsegypt.com/2026/07/26/jora-developments-begins-construction-of-ixora-residence-launches-third-phase/,Daily News Egypt,"JORA Developments begins construction of iXORA Residence, launches third phase",2026-09-22,secondary,
S4-096,https://www.joradevelopments.com/en,JORA Developments,Home page,2026-09-22,primary,"HQ Melanite Mall, 6th of October"
S4-097,https://www.dailynewsegypt.com/2025/01/26/kleek-developments-enters-egyptian-market-with-egp-8bn-sales-target-for-first-year/,Daily News Egypt,Kleek Developments enters Egyptian market with EGP 8bn sales target for first year,2026-09-22,secondary,
S4-098,https://mbgeg.com/about/,MBG Developments,About,2026-09-22,primary,"Founded 2017; HQ 107 El-Thawra St, Heliopolis"
S4-099,https://mbgeg.com/,MBG Developments,Home page,2026-09-22,primary,Pukka delivering Dec 2024 - Jan 2025
S4-100,https://mardeveg.com/about-us/,Mardev,About us,2026-09-22,primary,Founded 1989; HQ New Cairo; 266+ completed projects (construction)
S4-101,https://mardeveg.com/,Mardev,Home page,2026-09-22,primary,
S4-102,https://english.mubasher.info/news/3718040/Mardev-Developments-to-invest-EGP-1-5bn-in-residential-project-in-new-capital/,Mubasher Info,Mardev Developments to invest EGP 1.5bn in residential project in new capital,2026-09-22,secondary,Financial news outlet not on the allowed list; Nov 2020
S4-103,https://www.dailynewsegypt.com/2026/08/09/mazaya-developments-launches-25-feddan-town-ten-in-new-obour/,Daily News Egypt,Mazaya Developments launches 25-feddan Town Ten in New Obour,2026-09-22,secondary,
S4-104,https://www.dailynewsegypt.com/2025/04/13/mazaya-developments-to-launch-new-east-cairo-project-in-h2-2025/,Daily News Egypt,Mazaya Developments to launch new east Cairo project in H2 2025,2026-09-22,secondary,
S4-105,https://www.dailynewsegypt.com/2026/05/17/mazaya-reports-construction-progress-of-up-to-70-across-new-capital-projects/,Daily News Egypt,Mazaya reports construction progress of up to 70% across New Capital projects,2026-09-22,secondary,
S4-106,https://www.dailynewsegypt.com/2025/01/26/nakheel-developments-invests-egp-7bn-plans-new-project-launch-in-q2-2025/,Daily News Egypt,"Nakheel Developments invests EGP 7bn, plans new project launch in Q2 2025",2026-09-22,secondary,
S4-107,https://www.dailynewsegypt.com/2025/10/26/oria-developments-partners-with-swiss-inn-to-manage-alamat-hotel-residences-in-6th-of-october-city/,Daily News Egypt,Oria Developments partners with Swiss Inn to manage Alamat Hotel Residences in 6th of October City,2026-09-22,secondary,
S4-108,https://oriadevelopments.com/about-us/,Oria Developments,About Us,2026-09-22,primary,Founder Waleid Lawendy (also El-Lawendy Constructions); land portfolio over 5 million sqm
S4-109,https://oriadevelopments.com/,Oria Developments,Home page,2026-09-22,primary,
S4-110,https://www.dailynewsegypt.com/2026/09/20/qore-enters-egypts-real-estate-market-with-egp-30bn-investment-plan-through-2030/,Daily News Egypt,QORE enters Egypt's real estate market with EGP 30bn investment plan through 2030,2026-09-22,secondary,
S4-111,https://www.dailynewsegypt.com/2025/03/09/il-cazar-stm-investment-partner-to-launch-stoda-in-east-cairo/,Daily News Egypt,"Il Cazar, STM Investment partner to launch Stoda in East Cairo",2026-09-22,secondary,
S4-112,https://www.dailynewsegypt.com/2026/09/20/space-shapers-launches-rawaj-mixed-use-project-in-6th-of-october-city/,Daily News Egypt,Space Shapers launches Rawaj mixed-use project in 6th of October City,2026-09-22,secondary,
S4-113,https://www.dailynewsegypt.com/2022/10/19/the-ark-development-launches-its-business-in-egypts-real-estate-market-with-egp-30bn-in-investments/,Daily News Egypt,The Ark Development launches its business in Egypt's real estate market with EGP 30bn in investments,2026-09-22,secondary,
S4-114,https://www.dailynewsegypt.com/2026/05/17/vie-communities-debuts-in-egypt-with-egp-150bn-new-cairo-projects/,Daily News Egypt,VIE Communities debuts in Egypt with EGP 150bn New Cairo projects,2026-09-22,secondary,
S4-115,https://www.dailynewsegypt.com/2025/10/12/zawaya-developments-unveils-sia-mall-in-west-cairo/,Daily News Egypt,Zawaya Developments unveils SIA Mall in West Cairo,2026-09-22,secondary,
S4-116,https://www.dailynewsegypt.com/2026/08/16/zawaya-edic-to-develop-egp-3-5bn-sia-boulevard-in-west-cairo/,Daily News Egypt,"Zawaya, EDIC to develop EGP 3.5bn SIA Boulevard in West Cairo",2026-09-22,secondary,
S4-117,https://www.dailynewsegypt.com/2025/06/01/hometown-developments-signs-agreement-with-savills-egypt-to-manage-4-projects-in-new-capital/,Daily News Egypt,Hometown Developments signs agreement with Savills Egypt to manage 4 projects in New Capital,2026-09-22,secondary,
S4-118,https://blogs.realestate.gov.eg/hometown-developments/,Official Egyptian Real Estate Platform Blog,Hometown Developments: Revolutionizing the Ways in Which People Live in Cities in Egypt,2026-09-22,secondary,Nov 2024; generic text; founded 2017
S4-119,https://hometown-eg.com/,Hometown Developments,Home page,2026-09-22,primary,JavaScript-rendered; no content extracted
S4-120,"https://www.tradingview.com/news/reuters.com,2026-04-21:newsml_Zaw1CbtBs:0-zawya-egypt-s-paragon-adeer-targets-1-9bln-in-revenues-from-sumou-boulevard/",Zawya (via TradingView),Egypt's Paragon-Adeer targets $1.9bln in revenues from Sumou Boulevard,2026-09-22,secondary,
S4-121,https://enterpriseam.com/egypt/2026/07/20/somou-boulevard-is-paragons-wager-that-egypts-compound-obsessed-market-is-ready-for-something-different/,Enterprise,Somou Boulevard is Paragon's wager that Egypt's compound-obsessed market is ready for something different,2026-09-22,secondary,Paragon founded during COVID-19 (2020); first project Paragon 1 in New Capital
S4-122,https://www.dailynewsegypt.com/2025/03/23/valero-developments-partners-with-sabbour-consulting-dsc-for-citalia-compound-in-new-obour/,Daily News Egypt,"Valero Developments partners with Sabbour Consulting, DSC for CITALIA compound in New Obour",2026-09-22,secondary,
S4-123,https://www.dailynewsegypt.com/2025/03/02/valero-developments-targets-egp-3-2bn-in-investments-for-q2/,Daily News Egypt,Valero Developments targets EGP 3.2bn in investments for Q2,2026-09-22,secondary,
S4-124,https://www.dailynewsegypt.com/2024/11/11/valero-developments-debuts-circle-9-mall/,Daily News Egypt,Valero Developments debuts Circle 9 Mall,2026-09-22,secondary,
S5-001,https://lavista-developments.com,La Vista Developments,La Vista Developments home page (project list by destination),2026-09-22,primary,
S5-002,https://lavista-developments.com/about-us-2/,La Vista Developments,About us,2026-09-22,primary,Statistics widget showed zeros
S5-003,https://lavista-developments.com/index.php/portfolio/la-vista-city-2/,La Vista Developments,La Vista City project page,2026-09-22,primary,
S5-004,https://lavista-developments.com/index.php/portfolio/ras-el-hikma/,La Vista Developments,La Vista Ras El Hikma project page,2026-09-22,primary,
S5-005,https://www.dailynewsegypt.com/2026/08/18/top-10-egyptian-developers-sales-rise-to-egp-670bn-in-h1-2026/,Daily News Egypt,Top 10 Egyptian developers' sales rise to EGP 670bn in H1 2026 (The Board Consulting),2026-09-22,secondary,
S5-006,https://www.dailynewsegypt.com/2025/11/23/egypts-top-10-real-estate-developers-record-egp-1-05trn-in-sales-during-m9-2025/,Daily News Egypt,Egypt's top 10 real estate developers record EGP 1.05trn in sales during M9 2025 (The Board Consulting),2026-09-22,secondary,
S5-007,https://almarasem.com,Al Marasem International,Al Marasem home page,2026-09-22,primary,
S5-008,https://www.dailynewsegypt.com/2025/05/06/al-marasem-international-commits-egp-8bn-to-fuel-real-estate-expansion-in-egypt/,Daily News Egypt,Al Marasem International commits EGP 8bn to fuel real estate expansion in Egypt,2026-09-22,secondary,
S5-009,https://dailynewsegypt.com/2020/12/22/al-marasem-development-invests-egp-23-5bn-in-new-cairos-fifth-square-project/,Daily News Egypt,Al Marasem Development invests EGP 23.5bn in New Cairo's Fifth Square project,2026-09-22,secondary,
S5-010,https://dorra.com,Dorra Holding,Dorra Holding home page,2026-09-22,primary,
S5-011,https://dorra-developments.com/,Dorra Developments,Dorra Developments home page,2026-09-22,primary,
S5-012,https://www.dailynewsegypt.com/2023/04/03/on-80th-anniversary-dorra-maintains-leadership-in-egypts-real-estate-market-expands-abroad/,Daily News Egypt,"On 80th anniversary, Dorra maintains leadership in Egypt's real estate market",2026-09-22,secondary,
S5-013,https://dorra-developments.com/project/address-east/,Dorra Developments,Address East project page,2026-09-22,primary,
S5-014,https://dorra-developments.com/project/village-west-apartments/,Dorra Developments,Village West Apartments project page,2026-09-22,primary,
S5-015,https://www.amer-group.com,Amer Group,Amer Group home page (project list),2026-09-22,primary,
S5-016,https://www.zawya.com/company/5001167150/amer-group,Zawya,Amer Group Holding Co SAE company profile,2026-09-22,secondary,
S5-017,https://www.dailynewsegypt.com/2017/05/09/porto-group-holdings-considers-expansions-chief-mansour-amer-quits/,Daily News Egypt,Porto Group Holdings considers further expansions as chief Mansour Amer quits,2026-09-22,secondary,
S5-018,https://inertiaegypt.com,Inertia Egypt,Inertia Egypt home page,2026-09-22,primary,
S5-019,https://www.dailynewsegypt.com/2025/02/22/inertia-egypt-to-invest-egp-8bn-in-real-estate-during-2025/,Daily News Egypt,Inertia Egypt to invest EGP 8bn in real estate during 2025,2026-09-22,secondary,
S5-020,https://www.zawya.com/en/press-release/companies-news/inertia-unveils-ambitious-2026-growth-strategy-p0uiazfj,Zawya (press release),Inertia unveils ambitious 2026 growth strategy,2026-09-22,secondary,Company press release hosted by Zawya; publication date not shown
S5-021,https://www.cairofestivalcity.com,Al-Futtaim Real Estate,Cairo Festival City official site,2026-09-22,primary,
S5-022,https://www.alfuttaim.com/our-brands/cairo-festival-city/,Al-Futtaim Group,Cairo Festival City brand page,2026-09-22,primary,
S5-023,https://www.zawya.com/en/projects/construction/uaes-al-futtaim-group-launches-new-phase-of-aura-apartments-in-cairo-festival-city-jruock6v,Zawya Projects,UAE's Al-Futtaim Group launches new phase of Aura apartments in Cairo Festival City,2026-09-22,secondary,Body behind registration wall; only headline and delivery statement visible
S5-024,https://www.dailynewsegypt.com/2020/11/03/the-waterway-developments-launches-egp-5bn-residential-project-in-new-cairo/,Daily News Egypt,The Waterway Developments launches EGP 5bn residential project in New Cairo,2026-09-22,secondary,
S5-025,https://www.arabnews.com/finance/egypts-waterway-plans-to-launch-a-real-estate-fund-exceeding-190m-2637603,Arab News,Egypt's Waterway plans to launch a real estate fund exceeding $190m (25 Mar 2026),2026-09-22,secondary,Reputable regional press not on the brief's named list
S5-026,https://se-developers.com/,Saudi Egyptian Developers,SED home page (project list),2026-09-22,primary,
S5-027,https://se-developers.com/launches/tierra/,Saudi Egyptian Developers,Tierra - 6th Settlement launch page,2026-09-22,primary,Page has almost no detail
S5-028,https://www.dailynewsegypt.com/2022/06/21/saudi-egyptian-developers-launches-its-50th-project/,Daily News Egypt,Saudi Egyptian Developers launches its 50th project,2026-09-22,secondary,
S5-029,https://www.starlightdevelopments.com/,Starlight Developments,Starlight Developments home page,2026-09-22,primary,
S5-030,https://starlightdevelopments.com/developments/creeks,Starlight Developments,Katameya Creeks project page,2026-09-22,primary,
S5-031,https://starlightdevelopments.com/developments/coast,Starlight Developments,Katameya Coast project page,2026-09-22,primary,
S5-032,https://akamalrajhi.com/,Akam AlRajhi Developments,Akam AlRajhi home page,2026-09-22,primary,
S5-033,https://blogs.realestate.gov.eg/akam-alrajhi-developments/,Egyptian Real Estate Platform (government blog),Akam Alrajhi Developments: Revolutionizing Egypt's Real Estate Landscape,2026-09-22,secondary,Generic promotional text; only New Capital projects used
S5-034,https://www.dailynewsegypt.com/2023/09/20/akam-al-rajhi-developments-achieves-egp-5bn-in-sales-of-d-o-s-e-north-coast-project/,Daily News Egypt,Akam Al Rajhi Developments achieves EGP 5bn in sales of D.O.S.E North Coast project,2026-09-22,secondary,
S5-035,https://iwandevelopments.com,IWAN Developments,IWAN home page (project list),2026-09-22,primary,
S5-036,https://iwandevelopments.com/projects/jewar/,IWAN Developments,JEWAR project page,2026-09-22,primary,
S5-037,https://iwandevelopments.com/projects/jedar/,IWAN Developments,JEDAR project page,2026-09-22,primary,
S5-038,https://iwandevelopments.com/projects/jubail/,IWAN Developments,JUBAIL project page,2026-09-22,primary,
S5-039,https://iwandevelopments.com/projects/atrio/,IWAN Developments,ATRIO project page,2026-09-22,primary,
S5-040,https://iwandevelopments.com/projects/alma/,IWAN Developments,ALMA project page,2026-09-22,primary,
S5-041,https://iwandevelopments.com/projects/majada/,IWAN Developments,MAJADA project page,2026-09-22,primary,
S5-042,https://lasirenagroup.com/,Lasirena Group,Lasirena Group home page (project list),2026-09-22,primary,
S5-043,https://elm-developments.com/,ELM Developments,ELM Developments home page,2026-09-22,primary,
S5-044,https://www.dailynewsegypt.com/2025/08/27/elm-developments-launches-its-first-project-elm-tree-offering-green-views-and-competitive-prices-in-west-cairo/,Daily News Egypt,ELM Developments launches its first project ELM Tree in West Cairo,2026-09-22,secondary,
S5-045,https://aljardevelopment.com/about,ALJAR Development,ALJAR Development about page,2026-09-22,primary,
S5-046,https://www.dailynewsegypt.com/2025/05/25/aljar-development-unveils-aljar-british-district-in-east-cairo/,Daily News Egypt,Aljar Development unveils Aljar British District in East Cairo,2026-09-22,secondary,
S5-047,https://www.dailynewsegypt.com/2025/09/07/aljar-developments-launches-phase-one-of-aljar-british-district-in-east-cairo/,Daily News Egypt,ALJAR Developments launches phase one of Aljar British District in East Cairo,2026-09-22,secondary,
S5-048,https://aldawliadevelopments.com/,Al Dawlia Boutique Developments,Al Dawlia home page (project list),2026-09-22,primary,
S5-049,https://aldawliadevelopments.com/regents-square/,Al Dawlia Boutique Developments,Regent's Square project page,2026-09-22,primary,
S5-050,https://arkanpalm.com/,Arkan Palm,Arkan Palm home page (project list),2026-09-22,primary,About-the-developer page returned 404
S5-051,"https://www.tradingview.com/news/reuters.com,2026-04-20:newsml_Zaw8VXM6V:0-zawya-egypt-s-biography-plans-42mln-real-estate-investment-fund-as-key-projects-advance/",Zawya (syndicated via TradingView),Egypt's Biography plans $42mln real estate investment fund as key projects advance (20 Apr 2026),2026-09-22,secondary,Zawya original page requires registration; full text read via syndication
S5-052,https://www.zawya.com/en/sponsored-content/egypts-biography-plans-42mln-real-estate-investment-fund-as-key-projects-advance-347629,Zawya,Egypt's Biography plans $42mln real estate investment fund (teaser),2026-09-22,secondary,Confirms Biography is a subsidiary of El Attal Holding
S5-053,https://www.daralalamia.com/projects/developments/,Dar Al Alamia,Dar Al Alamia Developments home page,2026-09-22,primary,
S5-054,https://www.dailynewsegypt.com/2025/09/07/dar-al-alamia-developments-launches-acasa-alma-in-new-cairo-with-egp-7bn-investment/,Daily News Egypt,Dar Al Alamia Developments launches Acasa Alma in New Cairo with EGP 7bn investment,2026-09-22,secondary,
S5-055,https://www.dailynewsegypt.com/2021/09/05/dar-al-alamia-developments-aims-to-launch-its-first-projects-in-east-cairo-with-business-volume-of-egp-5bn/,Daily News Egypt,Dar Al Alamia Developments aims to launch its first projects in East Cairo,2026-09-22,secondary,
S5-056,https://empirestate.com.eg/,Empire State Developments,Empire State Developments home page,2026-09-22,primary,
S5-057,https://www.dailynewsegypt.com/2024/08/07/empire-state-developments-to-invest-egp-17bn-in-egypts-real-estate-market/,Daily News Egypt,Empire State Developments to invest EGP 17bn in Egypt's real estate market,2026-09-22,secondary,
S5-058,https://www.dailynewsegypt.com/2025/06/01/heliopolis-company-for-housing-to-develop-766-feddans-in-hadayek-al-asima-as-part-of-expansion-strategy/,Daily News Egypt,Heliopolis Company for Housing to develop 766 feddans in Hadayek Al-Asima,2026-09-22,secondary,
S5-059,https://www.hc-si.com/heliopolis-housing-accelerated-monetization-underway,HC Securities and Investment,Heliopolis Housing: accelerated monetization underway (13 Mar 2024),2026-09-22,secondary,Sell-side equity research note
S5-060,https://igi-developments.com,IGI Developments,IGI Developments home page (project list),2026-09-22,primary,Statistics widget shows zeros
S5-061,https://www.dailynewsegypt.com/2025/08/24/igi-developments-launches-30-buyback-guarantee-on-units-within-2-years/,Daily News Egypt,IGI Developments launches 30% buyback guarantee on units within 2 years,2026-09-22,secondary,
S5-062,https://www.zawya.com/en/press-release/companies-news/igi-developments-and-kulture-developments-announce-strategic-partnership-for-mixed-use-projects-in-east-and-west-cairo-403010,Zawya (press release),IGI Developments and Kulture Developments announce strategic partnership for mixed-use projects in East and West Cairo (2026),2026-09-22,secondary,
S5-063,https://juzur-eg.com/,JUZUR,JUZUR home page,2026-09-22,primary,
S5-064,https://www.arabfinance.com/en/news/newdetails/juzur-begins-construction-phase-of-neo-project-in-new-cairo,Arab Finance,JUZUR begins construction phase of Neo mixed-use development in New Cairo (May 2026),2026-09-22,secondary,
S5-065,https://www.dailynewsegypt.com/2026/09/20/metra-developments-launches-liwan-residence-in-west-cairo/,Daily News Egypt,METRA Developments launches Liwan Residence in West Cairo,2026-09-22,secondary,
S5-066,https://www.dailynewsegypt.com/2024/09/25/margins-developments-invests-egp-12bn-in-egypts-real-estate-market-during-2024/,Daily News Egypt,Margins Developments invests EGP 12bn in Egypt's real estate market during 2024,2026-09-22,secondary,
S5-067,https://marginsdevelopments.com/,Margins Developments,Margins Developments home page,2026-09-22,primary,
S5-068,https://mercondevelopments.com/,Mercon Developments,Mercon Developments home page,2026-09-22,primary,
S5-069,https://www.dailynewsegypt.com/2021/03/09/new-city-launches-eco-west-development-with-egp-2-5bn-investments/,Daily News Egypt,New City launches ECO West development with EGP 2.5bn investments,2026-09-22,secondary,
S5-070,https://egyptian-gazette.com/business/real-estate/new-city-launches-eco-west-signaling-new-era-for-egyptian-real-estate/,Egyptian Gazette,"New City launches ECO West, signaling new era for Egyptian real estate (8 Mar 2021)",2026-09-22,secondary,
S5-071,https://www.zawya.com/en/projects/projects-egypts-new-city-developments-to-start-delivery-of-eco-west-project-in-2024-otky0ckf,Zawya Projects,Egypt's New City Developments to start delivery of Eco West project in 2024,2026-09-22,secondary,Body behind registration wall
S5-072,https://palmierdevelopments.com/,Palmier Developments,Palmier Developments home page (project list),2026-09-22,primary,
S5-073,https://www.dailynewsegypt.com/2025/11/04/palmier-developments-launches-vert-project-in-new-sheikh-zayed-city/,Daily News Egypt,Palmier Developments launches VERT project in New Sheikh Zayed City,2026-09-22,secondary,
S5-074,https://qurtuba.com.eg/,Qurtuba Developments,Qurtuba Developments home page,2026-09-22,primary,
S5-075,https://www.dailynewsegypt.com/2025/09/14/qurtuba-developments-launches-nuzul-tower-in-new-capital-with-egp-3bn-investments/,Daily News Egypt,Qurtuba Developments launches Nuzul Tower in New Capital with EGP 3bn investments,2026-09-22,secondary,
S5-076,https://www.dailynewsegypt.com/2025/11/30/qurtuba-developments-to-launch-new-capital-residential-project-before-year-end/,Daily News Egypt,Qurtuba Developments to launch New Capital residential project before year-end,2026-09-22,secondary,
S5-077,https://www.saudigroupdev.com/,Saudi Group Developments,Saudi Group Developments home page,2026-09-22,primary,
S5-078,https://www.dailynewsegypt.com/2025/05/21/saudi-group-developments-unveils-egp-3bn-valea-project-in-west-cairo/,Daily News Egypt,Saudi Group Developments unveils EGP 3bn Valea project in West Cairo,2026-09-22,secondary,
S5-079,https://www.dailynewsegypt.com/2025/05/11/special-group-mint-real-estate-launch-40-square-residential-project-in-new-capital/,Daily News Egypt,"Special Group, Mint Real Estate launch '40 Square' residential project in New Capital",2026-09-22,secondary,
S5-080,https://themarqcommunities.com/,The MarQ Communities,The MarQ Communities home page,2026-09-22,primary,
S5-081,https://www.dailynewsegypt.com/2025/03/02/the-marq-communities-delivers-first-residential-units-at-the-marq-gardens-in-new-cairo/,Daily News Egypt,The MarQ Communities delivers first residential units at The MarQ Gardens in New Cairo,2026-09-22,secondary,
S5-082,https://valuedevelopments.com.eg/en/,Value Real Estate (VRE Developments),Value Real Estate home page,2026-09-22,primary,
S5-083,"https://www.tradingview.com/news/reuters.com,2026-04-14:newsml_ZawbM5Qqg:0-zawya-egypt-vre-developments-launches-town-center-2-in-shorouk-city/",Zawya (syndicated via TradingView),Egypt: VRE Developments launches Town Center 2 in Shorouk City (14 Apr 2026),2026-09-22,secondary,
S5-084,https://www.dailynewsegypt.com/2026/04/26/zhour-developments-launches-egp-10bn-fiori-compound-in-west-cairo/,Daily News Egypt,Zhour Developments launches EGP 10bn FioRI compound in West Cairo,2026-09-22,secondary,
S5-085,https://www.zawya.com/en/projects/construction/egypts-just-development-to-launch-21mln-mixed-use-project-in-new-capital-vzpd33u6,Zawya Projects,Egypt's Just Development to launch $21mln mixed-use project in New Capital,2026-09-22,secondary,Body behind registration wall; teaser only
S5-086,https://justrealestates.com/about-us/,JUST Developments,JUST Developments about us,2026-09-22,weak,Not confirmed to be the same company as the Zawya 'Just Development' (chairman Osama Gomaa)
S5-087,https://www.dailynewsegypt.com/2026/06/21/prime-hills-developments-launches-prime-plaza-mall-october-with-egp-2-5bn-investments/,Daily News Egypt,Prime Hills Developments launches Prime Plaza Mall October with EGP 2.5bn investments,2026-09-22,secondary,
S5-088,https://www.dailynewsegypt.com/2025/01/19/wealth-holding-reveals-new-brand-announces-egp-27bn-investments-since-inception/,Daily News Egypt,"Wealth Holding reveals new brand, announces EGP 27bn investments since inception",2026-09-22,secondary,
S5-089,https://www.dailynewsegypt.com/2025/09/29/wealth-holding-partners-with-retaj-hotels-hospitality-to-manage-jeval-business-complex-in-new-capital/,Daily News Egypt,Wealth Holding partners with Retaj Hotels & Hospitality to manage Jeval Business Complex in New Capital,2026-09-22,secondary,
S6-001,https://www.dailynewsegypt.com/2025/11/23/egypts-top-10-real-estate-developers-record-egp-1-05trn-in-sales-during-m9-2025/,Daily News Egypt,Egypt's top 10 real estate developers record EGP 1.05trn in sales during M9 2025,2026-09-22,secondary,"The Board Consulting ranking, 9M 2025"
S6-002,https://english.mubasher.info/news/4525192/Emaar-Misr-s-consolidated-net-profits-drop-to-EGP-4-2bn-in-9M-25/,Mubasher Info,Emaar Misr's consolidated net profits drop to EGP 4.2bn in 9M-25,2026-09-22,secondary,Financials from EGX disclosure
S6-003,https://www.dailynewsegypt.com/2026/08/18/top-10-egyptian-developers-sales-rise-to-egp-670bn-in-h1-2026/,Daily News Egypt,Top 10 Egyptian developers' sales rise to EGP 670bn in H1 2026,2026-09-22,secondary,"The Board Consulting ranking, H1 2026"
S6-004,https://www.dailynewsegypt.com/2025/02/23/egypts-top-21-real-estate-developers-double-sales-to-egp-1-4trn-in-2024/,Daily News Egypt,Egypt's top 21 real estate developers double sales to EGP 1.4trn in 2024,2026-09-22,secondary,"The Board Consulting ranking, FY 2024"
S6-005,https://www.dailynewsegypt.com/2026/05/31/egypts-top-developers-post-egp-271bn-in-sales-as-real-estate-market-enters-correction-phase/,Daily News Egypt,Egypt's top developers post EGP 271bn in sales as real estate market enters correction phase,2026-09-22,secondary,"The Board Consulting ranking, Q1 2026"
S6-006,https://invest-gate.me/news/emaar-misr-strengthens-its-residential-portfolio-in-east-and-west-cairo-with-new-launches-at-mivida-gardens-and-belle-vie/,Invest-Gate,Emaar Misr strengthens its residential portfolio in East and West Cairo with new launches at Mivida Gardens and Belle Vie,2026-09-22,secondary,"Dated 2026-01-12; real-estate trade press, not on the brief's named list"
S6-007,https://invest-gate.me/news/emaar-misr-begins-construction-of-mivida-gardens-in-east-cairo-less-than-four-months-after-project-launch/,Invest-Gate,Emaar Misr begins construction of Mivida Gardens in East Cairo less than four months after project launch,2026-09-22,secondary,Dated 2025-10-13
S6-008,https://tatweermisr.com/,Tatweer Misr,Tatweer Misr official website,2026-09-22,primary,"Land bank 7,400,000 sqm; project cards"
S6-009,https://www.dailynewsegypt.com/2024/09/25/tatweer-misr-achieves-egp-21bn-in-sales-during-h1-2024/,Daily News Egypt,Tatweer Misr achieves EGP 21bn in sales during H1 2024,2026-09-22,secondary,Per-project land areas
S6-010,https://invest-gate.me/features/tatweer-misrs-comprehensive-development-plan-aiming-for-egp-35-bn-in-sales-in-2025/,Invest-Gate,"For the first time, Tatweer Misr reports profits of EGP 1.7 bn in 2024 and reveals its targets for 2025",2026-09-22,secondary,"FY2024 sales, deliveries, cumulative units"
S6-011,https://www.zawya.com/en/projects/construction/egypts-tatweer-misr-announces-280mln-investment-for-2025-aims-to-deliver-2-000-units-qb5bn7uc,Zawya,"Egypt's Tatweer Misr announces $280mln investment for 2025, aims to deliver 2,000 units",2026-09-22,secondary,Paywalled beyond preview
S6-012,https://www.dailynewsegypt.com/2025/06/22/madaar-developments-unveils-egp-30bn-kinz-project-in-new-sheikh-zayed/,Daily News Egypt,Madaar Developments unveils EGP 30bn Kinz project in New Sheikh Zayed,2026-09-22,secondary,
S6-013,https://www.dailynewsegypt.com/2025/09/23/madaar-developments-announces-exclusive-offers-on-its-flagship-projects-at-cityscape-egypt-2025/,Daily News Egypt,Madaar Developments announces exclusive offers on its flagship projects at Cityscape Egypt 2025,2026-09-22,secondary,
S6-014,https://www.madaar.com/,Madaar Developments,Madaar Developments official website,2026-09-22,primary,Starting prices and payment plans
S6-015,http://www.newgiza.com/,NEWGIZA,NEWGIZA official website,2026-09-22,primary,Neighbourhood list
S6-016,http://www.newgiza.com/kingsrange-newgiza/,NEWGIZA,KINGSRANGE - NEWGIZA,2026-09-22,primary,Unit types
S6-017,https://www.qataridiar.com/project/newgiza,Qatari Diar,NEWGIZA - Qatari Diar project page,2026-09-22,primary,"Area 6,300,000 sqm (1,500 acres); phases 1-3 completed"
S6-018,https://www.dailynewsegypt.com/2020/02/03/maven-developments-launches-first-egypt-project-in-ain-sokhna-with-egp-4bn-investment/,Daily News Egypt,Maven Developments launches first Egypt project in Ain Sokhna with EGP 4bn investment,2026-09-22,secondary,
S6-019,https://english.mubasher.info/news/3817679/Maven-Developments-to-invest-EGP-15bn-in-residential-project-in-North-Coast/,Mubasher Info,Maven Developments to invest EGP 15bn in residential project in North Coast,2026-09-22,secondary,Dated 2021-06-09
S6-020,https://blogs.realestate.gov.eg/housing-development-properties/,Egyptian Real Estate Platform (government),Housing & Development Properties: A Leader in Transforming Egypt's Real Estate Landscape,2026-09-22,secondary,"Project list not corroborated by any other fetched source; several names look generic, treat with caution"
S6-021,https://ipgegypt.com/en/projects/454-talda-al-mostakbal-city,Inland Properties Group (broker),Talda Al Mostakbal City,2026-09-22,weak,"Broker page; used only for project existence, not for numbers"
S6-022,https://mabanyedris.com/,Mabany Edris,Mabany Edris official website,2026-09-22,primary,"Project list; HQ Capital Business Park, Sheikh Zayed"
S6-023,https://www.dailynewsegypt.com/2025/05/04/mabany-edris-launches-ons-new-zayed-with-egp-13-5bn-investment-across-84-feddans/,Daily News Egypt,Mabany Edris launches Ons New Zayed with EGP 13.5bn investment across 84 feddans,2026-09-22,secondary,
S6-024,https://www.thegdevelopments.com/community,G Developments,Our Projects - G Developments,2026-09-22,primary,JavaScript-rendered; read with Chrome
S6-025,https://www.thegdevelopments.com/community/newkairo,G Developments,New Kairo project page,2026-09-22,primary,JavaScript-rendered; read with Chrome
S6-026,https://thegdevelopments.co/,G Developments (unclear if official; .co domain),G Developments | Official Website,2026-09-22,weak,Possibly a broker clone of the developer domain; starting prices not used as the only source
S6-027,https://blogs.realestate.gov.eg/arco-developments/,Egyptian Real Estate Platform (government),"ARCO Developments: Pioneering Luxury, Sustainability, and Community-Centric Real Estate in Egypt",2026-09-22,secondary,Content partly generic; not corroborated
S6-028,https://www.dailynewsegypt.com/2025/05/25/tbk-developments-announces-egp-180bn-investment-across-three-real-estate-projects-in-egypt/,Daily News Egypt,TBK Developments announces EGP 180bn investment across three real estate projects in Egypt,2026-09-22,secondary,
S6-029,https://tbkdevelopments.com/,TBK Developments,TBK Developments official website,2026-09-22,primary,Land bank over 4 million sqm
S6-030,https://www.amakendevelopment.com/,AMAKEN Development,AMAKEN Development official website,2026-09-22,primary,"Nine projects listed; HQ 33 Al Hassan Bin Ali Street, Cairo"
S6-032,https://betadevelopments.com/,Beta Developments,Beta Developments official website,2026-09-22,primary,"Founded 1993 by Eng. Alaa Fikry; HQ 43 El Nozha Street, Heliopolis"
S6-033,https://betadevelopments.com/projects,Beta Developments,Beta Developments projects,2026-09-22,primary,Project names only
S6-034,https://followict.news/en/el-attal-holding-rebrands-attal-properties-to-biography-redefining-integrated-real-estate-development/,FollowICT,El Attal Holding rebrands Attal Properties to Biography,2026-09-22,secondary,Dated 2026-03-18; trade press not on brief's named list
S6-035,https://www.zawya.com/en/projects/construction/egypts-el-attal-holding-launches-229mln-west-leaves-project-gjeu0dlw,Zawya,Egypt's El-Attal Holding launches $229mln West Leaves project,2026-09-22,secondary,Paywalled beyond preview; EGP 7bn investment
S6-036,https://ardic-developments.com/about-us/,ARDIC Developments,About us - Ardic,2026-09-22,primary,"Founded 1998; capital EGP 500m; HQ El Nozha, Cairo"
S6-037,https://www.dailynewsegypt.com/2025/11/09/ardic-developments-prepares-to-launch-new-east-cairo-project-in-partnership-with-nuca/,Daily News Egypt,ARDIC Developments prepares to launch new East Cairo project in partnership with NUCA,2026-09-22,secondary,
S6-038,https://eleqtisadenews.com/en/ardic-developments-delivers-the-first-phase-of-zizinia-el-mostakbal-project/,Eleqtisade News,ARDIC-Developments delivers the first phase of Zizinia El Mostakbal project,2026-09-22,secondary,Dated 2024-05-28; same press release also on Zawya (Zawya returned HTTP 400)
S6-039,https://www.dailynewsegypt.com/2026/08/30/al-naser-developments-signs-radisson-hotel-management-agreement-for-new-capital-project/,Daily News Egypt,Al Naser Developments signs Radisson hotel management agreement for New Capital project,2026-09-22,secondary,
S6-040,https://alnaserdevelopments.com/about-us/,AL Naser Developments,Who We Are - AL Naser Developments,2026-09-22,primary,"HQ Golden Tower Mall, New Administrative Capital"
S6-041,https://www.dailynewsegypt.com/2026/03/15/arkania-expands-investment-portfolio-to-egp-9-4bn-launches-refad-project-in-new-cairo/,Daily News Egypt,"Arkania expands investment portfolio to EGP 9.4bn, launches REFAD project in New Cairo",2026-09-22,secondary,
S6-042,https://www.dailynewsegypt.com/2026/06/28/brevan-development-opens-second-phase-of-lake-house-targets-over-egp-1bn-in-sales/,Daily News Egypt,"Brevan Development opens second phase of Lake House, targets over EGP 1bn in sales",2026-09-22,secondary,
S6-043,https://www.zawya.com/en/projects/projects-egypts-dubai-developments-launches-mixed-use-tower-in-the-new-capital-dnl1o3sr,Zawya,PROJECTS: Egypt's Dubai Developments launches mixed-use tower in the new capital,2026-09-22,secondary,Publication date not shown
S6-044,https://www.dailynewsegypt.com/2026/08/30/everestview-development-launches-montania-gate-in-sheikh-zayed/,Daily News Egypt,Everestview Development launches Montania Gate in Sheikh Zayed,2026-09-22,secondary,
S6-045,https://www.everestview.net/,Everest View,everestview - home,2026-09-22,primary,"11 projects; HQ West Arena Mall, Sheikh Zayed"
S6-046,https://www.dailynewsegypt.com/2026/05/17/hig-development-launches-barah-residence-in-west-cairo-with-egp-3bn-investment/,Daily News Egypt,HIG Development launches Barah Residence in West Cairo with EGP 3bn investment,2026-09-22,secondary,
S6-047,https://www.dailynewsegypt.com/2026/06/07/illume-societies-launches-egp-4-5bn-illume-residence-in-new-cairos-sixth-settlement/,Daily News Egypt,Illume Societies launches EGP 4.5bn Illume Residence in New Cairo's Sixth Settlement,2026-09-22,secondary,
S6-048,https://www.dailynewsegypt.com/2026/06/07/jadeer-developments-launches-egp-10bn-chapters-residential-project-in-new-capital/,Daily News Egypt,Jadeer Developments launches EGP 10bn Chapters residential project in New Capital,2026-09-22,secondary,
S6-049,https://jadeergroup.com/residential,Jadeer Group,JADEER residential projects,2026-09-22,primary,Lists Chapters under New Cairo; press says New Capital R8
S6-050,https://jadeergroup.com/commercial,Jadeer Group,JADEER admin and commercial projects,2026-09-22,primary,
S6-051,https://www.dailynewsegypt.com/2025/04/16/lmd-launches-landmark-150-acre-mixed-use-development-in-west-cairo/,Daily News Egypt,LMD launches landmark 150-acre mixed-use development in West Cairo,2026-09-22,secondary,
S6-052,https://www.dailynewsegypt.com/2025/05/15/lmd-unveils-being-in-new-zayed-partners-with-la7-to-launch-innovative-business-hub-mindset/,Daily News Egypt,"LMD unveils Being in New Zayed, partners with LA7 to launch business hub Mindset",2026-09-22,secondary,
S6-053,https://www.dailynewsegypt.com/2025/03/23/lmd-completes-phase-one-of-business-quarter-at-one-ninety-in-new-cairo/,Daily News Egypt,LMD completes phase one of Business Quarter at ONE NINETY in New Cairo,2026-09-22,secondary,
S6-054,https://www.thenationalnews.com/business/2026/06/21/uaes-majid-al-futtaim-signs-31bn-urban-development-project-in-egypt/,The National,UAE's Majid Al Futtaim signs $3.1bn urban development project in Egypt,2026-09-22,secondary,"Reputable regional press, not on brief's named list; Egypt Today returned 403"
S6-055,https://www.dailynewsegypt.com/2024/12/15/marquee-developments-unveils-shababeek-with-egp-6bn-investment-in-new-cairos-fifth-settlement/,Daily News Egypt,Marquee Developments unveils Shababeek with EGP 6bn investment in New Cairo's Fifth Settlement,2026-09-22,secondary,
S6-056,https://www.dailynewsegypt.com/2025/08/24/methaq-arab-group-launches-first-project-in-egypt-with-planned-investments-of-egp-60bn/,Daily News Egypt,Methaq Arab Group launches first project in Egypt with planned investments of EGP 60bn,2026-09-22,secondary,
S6-057,https://www.dailynewsegypt.com/2026/07/05/mag-targets-egp-3bn-in-sales-by-end-2026-prepares-new-launch-at-la-reva-signature-residence/,Daily News Egypt,"MAG targets EGP 3bn in sales by end-2026, prepares new launch at La Reva Signature Residence",2026-09-22,secondary,
S6-058,https://invest-gate.me/news/new-event-developments-launches-layal-residence-in-egypts-new-capital/,Invest-Gate,New Event Developments launches LAYAL Residence in Egypt's New Capital,2026-09-22,secondary,Dated 2026-05-24
S6-059,https://neweventdev.com/,New Event Developments,HOME - New Event Developments,2026-09-22,primary,"HQ Fifth Settlement, New Cairo"
S6-060,https://www.dailynewsegypt.com/2026/06/14/polaris-parks-expands-into-residential-market-with-launch-of-polaris-homes-in-sheikh-zayed/,Daily News Egypt,Polaris Parks expands into residential market with launch of Polaris Homes in Sheikh Zayed,2026-09-22,secondary,
S6-061,https://www.dailynewsegypt.com/2026/07/26/nbe-partners-with-ramtan-developments-to-market-ready-to-move-homes-in-new-capital/,Daily News Egypt,NBE partners with Ramtan Developments to market ready-to-move homes in New Capital,2026-09-22,secondary,
S6-062,https://blogs.realestate.gov.eg/news/national-bank-of-egypt-opens-reservations-for-ramtan-residential-units-in-the-new-administrative-capital/,Egyptian Real Estate Platform (government),National Bank of Egypt opens reservations for Ramtan residential units in the New Administrative Capital,2026-09-22,secondary,Dated 2025-02-06
S6-063,https://ramatanco.com/,Ramatan Developments,Ramatan Development - New Administrative Capital,2026-09-22,primary,"Founded 2020, arm of Econ Constructions"
S6-064,https://www.dailynewsegypt.com/2025/09/14/sckylers-developments-debuts-in-egypt-with-oc-project-in-east-cairo/,Daily News Egypt,Sckylers Developments debuts in Egypt with OC project in East Cairo,2026-09-22,secondary,
S6-065,https://www.dailynewsegypt.com/2025/10/19/squares-developments-launches-egp-15-bn-sage-lakes-residence-in-new-capitals-r8-district/,Daily News Egypt,Squares Developments launches EGP 15 bn Sage Lakes Residence in New Capital's R8 District,2026-09-22,secondary,
S6-066,https://www.dailynewsegypt.com/2026/08/23/times-developments-invests-egp-30bn-plans-expansion-into-north-coast-red-sea-and-west-cairo/,Daily News Egypt,"Times Developments invests EGP 30bn, plans expansion into North Coast, Red Sea, and West Cairo",2026-09-22,secondary,
S6-067,https://www.dailynewsegypt.com/2026/05/24/winvestor-developments-launches-aurevia-community-in-sixth-settlement-targets-egp-8bn-in-sales/,Daily News Egypt,"Winvestor Developments launches Aurevia Community in Sixth Settlement, targets EGP 8bn in sales",2026-09-22,secondary,
S6-068,https://www.dailynewsegypt.com/2026/04/26/winvestor-developments-expands-portfolio-with-mixed-use-projects-in-east-cairo/,Daily News Egypt,Winvestor Developments expands portfolio with mixed-use projects in East Cairo,2026-09-22,secondary,
S6-069,https://invest-gate.me/news/el-shennawy-group-expands-in-egypt-with-40-years-of-expertise/,Invest-Gate,El Shennawy Group expands in Egypt with 40 years of expertise,2026-09-22,secondary,
S6-070,https://magroupegy.com/,MA Group,MA Group | Leading Real Estate Developer in Egypt,2026-09-22,primary,"HQ Capital Business Park, Sheikh Zayed"
S6-071,https://radix-development.com/,Radix Development,Radix Development | Real Estate Developer in Egypt,2026-09-22,primary,Founded 2018; part of Al-Salmanya Group
S6-072,https://www.dailynewsegypt.com/2026/05/24/wealth-plus-developments-unveils-vers-commercial-arena-in-new-cairo-with-egp-4bn-investment/,Daily News Egypt,Wealth Plus Developments unveils VERS Commercial Arena in New Cairo with EGP 4bn investment,2026-09-22,secondary,
